Z,N,MM,,,
0,1,1.008664917,,,
1,1,1.007825032,,,
1,2,2.014101778,,,
1,3,3.016049278,,,
1,4,4.0264311,,,
1,5,5.03531196,,,
1,6,6.0449627,,,
1,7,7.052711,,,
2,3,3.01602932,,,
2,4,4.002603254,,,
2,5,5.01205721,,,
2,6,6.018885892,,,
2,7,7.027990781,,,
2,8,8.033934391,,,
2,9,9.0439465,,,
2,10,10.0527911,,,
3,3,3.030821,,,
3,4,4.0271923,,,
3,5,5.01253854,,,
3,6,6.015122887,,,
3,7,7.016003437,,,
3,8,8.022486247,,,
3,9,9.026790192,,,
3,10,10.03548314,,,
3,11,11.04372359,,,
3,12,12.05251716,,,
3,13,13.0626338,,,
4,5,5.039922,,,
4,6,6.019726458,,,
4,7,7.016928718,,,
4,8,8.005305102,,,
4,9,9.012183066,,,
4,10,10.0135347,,,
4,11,11.02166108,,,
4,12,12.02692212,,,
4,13,13.03613511,,,
4,14,14.0428914,,,
4,15,15.0534243,,,
4,16,16.0616718,,,
5,6,6.050822,,,
5,7,7.02971227,,,
5,8,8.024607311,,,
5,9,9.01332966,,,
5,10,10.01293695,,,
5,11,11.00930536,,,
5,12,12.01435271,,,
5,13,13.01778021,,,
5,14,14.02540423,,,
5,15,15.03108823,,,
5,16,16.03984226,,,
5,17,17.0469918,,,
5,18,18.0556618,,,
5,19,19.0631043,,,
5,20,20.0720775,,,
5,21,21.0812997,,,
6,8,8.0376432,,,
6,9,9.031037223,,,
6,10,10.01685331,,,
6,11,11.01143361,,,
6,12,12,,,
6,13,13.00335484,,,
6,14,14.00324199,,,
6,15,15.01059927,,,
6,16,16.01470134,,,
6,17,17.02257719,,,
6,18,18.02675132,,,
6,19,19.0348011,,,
6,20,20.0403226,,,
6,21,21.0490043,,,
6,22,22.0575326,,,
6,23,23.068911,,,
7,10,10.0416543,,,
7,11,11.0260915,,,
7,12,12.01861321,,,
7,13,13.00573861,,,
7,14,14.003074,,,
7,15,15.0001089,,,
7,16,16.00610193,,,
7,17,17.00844916,,,
7,18,18.0140782,,,
7,19,19.01702218,,,
7,20,20.0233666,,,
7,21,21.027111,,,
7,22,22.0343921,,,
7,23,23.0411432,,,
7,24,24.0503943,,,
7,25,25.0601054,,,
8,12,12.03426226,,,
8,13,13.0248151,,,
8,14,14.00859636,,,
8,15,15.00306563,,,
8,16,15.99491462,,,
8,17,16.99913176,,,
8,18,17.99915961,,,
8,19,19.00357803,,,
8,20,20.00407536,,,
8,21,21.00865513,,,
8,22,22.00996661,,,
8,23,23.01569697,,,
8,24,24.0198612,,,
8,25,25.0293612,,,
8,26,26.0372917,,,
8,27,27.0477254,,,
8,28,28.0559175,,,
9,14,14.03431544,,,
9,15,15.01804367,,,
9,16,16.01146579,,,
9,17,17.00209524,,,
9,18,18.00093734,,,
9,19,18.99840316,,,
9,20,19.99998125,,,
9,21,20.99994892,,,
9,22,22.00299913,,,
9,23,23.00355754,,,
9,24,24.00811578,,,
9,25,25.01219981,,,
9,26,26.02003883,,,
9,27,27.026442,,,
9,28,28.0353421,,,
9,29,29.0425454,,,
9,30,30.0516564,,,
9,31,31.0597156,,,
10,16,16.02575022,,,
10,17,17.01771396,,,
10,18,18.0057087,,,
10,19,19.00188091,,,
10,20,19.99244018,,,
10,21,20.99384669,,,
10,22,21.99138511,,,
10,23,22.99446691,,,
10,24,23.99361066,,,
10,25,24.99778948,,,
10,26,26.0005152,,,
10,27,27.0075537,,,
10,28,28.012121,,,
10,29,29.0197511,,,
10,30,30.024733,,,
10,31,31.033117,,,
10,32,32.0397254,,,
10,33,33.0493864,,,
10,34,34.0567355,,,
11,18,18.0268812,,,
11,19,19.01388011,,,
11,20,20.00735441,,,
11,21,20.99765469,,,
11,22,21.99443741,,,
11,23,22.98976928,,,
11,24,23.99096295,,,
11,25,24.98995401,,,
11,26,25.99263464,,,
11,27,26.99407654,,,
11,28,27.99893911,,,
11,29,29.00287718,,,
11,30,30.00909795,,,
11,31,31.01316325,,,
11,32,32.0201913,,,
11,33,33.0257364,,,
11,34,34.0335954,,,
11,35,35.0406263,,,
11,36,36.0492964,,,
11,37,37.0570565,,,
12,19,19.03416954,,,
12,20,20.01885029,,,
12,21,21.01171618,,,
12,22,21.99957065,,,
12,23,22.99412422,,,
12,24,23.9850417,,,
12,25,24.98583698,,,
12,26,25.98259297,,,
12,27,26.98434062,,,
12,28,27.98387672,,,
12,29,28.98861712,,,
12,30,29.99046294,,,
12,31,30.99664803,,,
12,32,31.99911023,,,
12,33,33.00532713,,,
12,34,34.00893531,,,
12,35,35.0167919,,,
12,36,36.0218849,,,
12,37,37.0303754,,,
12,38,38.0365854,,,
12,39,39.0453855,,,
12,40,40.0521864,,,
13,21,21.0289743,,,
13,22,22.0195443,,,
13,23,23.00724435,,,
13,24,23.99994891,,,
13,25,24.99042811,,,
13,26,25.9868919,,,
13,27,26.98153853,,,
13,28,27.98191021,,,
13,29,28.98045651,,,
13,30,29.98296015,,,
13,31,30.98394522,,,
13,32,31.98808513,,,
13,33,32.99090981,,,
13,34,33.99670574,,,
13,35,34.99976475,,,
13,36,36.0063911,,,
13,37,37.0105313,,,
13,38,38.0174027,,,
13,39,39.0225454,,,
13,40,40.0300354,,,
13,41,41.0363864,,,
13,42,42.0438464,,,
13,43,43.0514775,,,
14,22,22.0357954,,,
14,23,23.0254454,,,
14,24,24.01153521,,,
14,25,25.00410911,,,
14,26,25.99233384,,,
14,27,26.98670481,,,
14,28,27.97692653,,,
14,29,28.97649466,,,
14,30,29.97377014,,,
14,31,30.97536319,,,
14,32,31.97415154,,,
14,33,32.97797697,,,
14,34,33.97857615,,,
14,35,34.98458341,,,
14,36,35.98669577,,,
14,37,36.99292189,,,
14,38,37.99552375,,,
14,39,39.00249197,,,
14,40,40.0058325,,,
14,41,41.013014,,,
14,42,42.0177854,,,
14,43,43.0248064,,,
14,44,44.0306164,,,
14,45,45.0399575,,,
15,24,24.0357754,,,
15,25,25.0211943,,,
15,26,26.0117821,,,
15,27,26.99922428,,,
15,28,27.99232661,,,
15,29,28.9818008,,,
15,30,29.97831375,,,
15,31,30.973762,,,
15,32,31.97390764,,,
15,33,32.97172571,,,
15,34,33.9736459,,,
15,35,34.97331412,,,
15,36,35.97826014,,,
15,37,36.97960741,,,
15,38,37.98425293,,,
15,39,38.98622798,,,
15,40,39.9913312,,,
15,41,40.99465486,,,
15,42,42.0010823,,,
15,43,43.005024,,,
15,44,44.0112154,,,
15,45,45.0164564,,,
15,46,46.0244675,,,
15,47,47.0313986,,,
16,26,26.0290764,,,
16,27,27.0182843,,,
16,28,28.0043717,,,
16,29,28.99661154,,,
16,30,29.98490703,,,
16,31,30.97955701,,,
16,32,31.97207117,,,
16,33,32.97145891,,,
16,34,33.967867,,,
16,35,34.96903231,,,
16,36,35.96708071,,,
16,37,36.97112551,,,
16,38,37.97116338,,,
16,39,38.97513454,,,
16,40,39.97548264,,,
16,41,40.97959354,,,
16,42,41.98106513,,,
16,43,42.98690765,,,
16,44,43.99011886,,,
16,45,44.9957274,,,
16,46,46.0000454,,,
16,47,47.0079554,,,
16,48,48.0137064,,,
16,49,49.0227672,,,
17,28,28.0295464,,,
17,29,29.0147843,,,
17,30,30.0047721,,,
17,31,30.99241454,,,
17,32,31.98568465,,,
17,33,32.97745199,,,
17,34,33.97376249,,,
17,35,34.96885268,,,
17,36,35.96830681,,,
17,37,36.9659026,,,
17,38,37.96801044,,,
17,39,38.96800822,,,
17,40,39.97041534,,,
17,41,40.97068574,,,
17,42,41.9732515,,,
17,43,42.973891,,,
17,44,43.977872,,,
17,45,44.9802911,,,
17,46,45.9851717,,,
17,47,46.9891643,,,
17,48,47.9956454,,,
17,49,49.0012364,,,
17,50,50.0090564,,,
17,51,51.0155475,,,
18,30,30.0230754,,,
18,31,31.0121222,,,
18,32,31.99763782,,,
18,33,32.98992555,,,
18,34,33.98027009,,,
18,35,34.9752576,,,
18,36,35.96754511,,,
18,37,36.96677633,,,
18,38,37.96273211,,,
18,39,38.96431305,,,
18,40,39.96238312,,,
18,41,40.96450057,,,
18,42,41.96304576,,,
18,43,42.96563616,,,
18,44,43.96492382,,,
18,45,44.96803974,,,
18,46,45.96808344,,,
18,47,46.97293596,,,
18,48,47.9759132,,,
18,49,48.9819043,,,
18,50,49.9861354,,,
18,51,50.9937064,,,
18,52,51.9989664,,,
18,53,53.0072975,,,
19,32,32.0226554,,,
19,33,33.0075621,,,
19,34,33.9986932,,,
19,35,34.98800542,,,
19,36,35.98130201,,,
19,37,36.97337589,,,
19,38,37.96908112,,,
19,39,38.96370649,,,
19,40,39.96399817,,,
19,41,40.96182526,,,
19,42,41.96240231,,,
19,43,42.9607347,,,
19,44,43.96158699,,,
19,45,44.9606915,,,
19,46,45.9619816,,,
19,47,46.96166162,,,
19,48,47.9653412,,,
19,49,48.96821076,,,
19,50,49.97238008,,,
19,51,50.97582814,,,
19,52,51.9822443,,,
19,53,52.9874654,,,
19,54,53.9946364,,,
19,55,55.0007675,,,
19,56,56.0085186,,,
20,34,34.0148732,,,
20,35,35.0051421,,,
20,36,35.99307443,,,
20,37,36.98589786,,,
20,38,37.97631922,,,
20,39,38.97071082,,,
20,40,39.96259086,,,
20,41,40.96227792,,,
20,42,41.95861783,,,
20,43,42.95876644,,,
20,44,43.95548156,,,
20,45,44.95618635,,,
20,46,45.95368902,,,
20,47,46.95454242,,,
20,48,47.95252276,,,
20,49,48.95566274,,,
20,50,49.95749922,,,
20,51,50.96098924,,,
20,52,51.96321764,,,
20,53,52.9694543,,,
20,54,53.9734054,,,
20,55,54.9803054,,,
20,56,55.9850864,,,
20,57,56.9926264,,,
20,58,57.9979475,,,
21,36,36.0164832,,,
21,37,37.0037432,,,
21,38,37.9951221,,,
21,39,38.98478526,,,
21,40,39.97796733,,,
21,41,40.96925111,,,
21,42,41.96551653,,,
21,43,42.96115052,,,
21,44,43.95940292,,,
21,45,44.95590829,,,
21,46,45.95516827,,,
21,47,46.95240372,,,
21,48,47.95222365,,,
21,49,48.95001463,,,
21,50,49.95217616,,,
21,51,50.95359221,,,
21,52,51.9568815,,,
21,53,52.9590929,,,
21,54,53.9639339,,,
21,55,54.967825,,,
21,56,55.9734543,,,
21,57,56.9777754,,,
21,58,57.9840364,,,
21,59,58.9889464,,,
21,60,59.9956575,,,
21,61,61.0010086,,,
22,38,38.0114532,,,
22,39,39.0023622,,,
22,40,39.9905017,,,
22,41,40.9831483,,,
22,42,41.97304903,,,
22,43,42.96852258,,,
22,44,43.95968996,,,
22,45,44.95812199,,,
22,46,45.95262772,,,
22,47,46.95175879,,,
22,48,47.94794198,,,
22,49,48.94786568,,,
22,50,49.94478689,,,
22,51,50.94661066,,,
22,52,51.94689308,,,
22,53,52.9497311,,,
22,54,53.9510513,,,
22,55,54.9552717,,,
22,56,55.9579115,,,
22,57,56.9636427,,,
22,58,57.9666043,,,
22,59,58.9724743,,,
22,60,59.9760354,,,
22,61,60.9824564,,,
22,62,61.9865175,,,
22,63,62.9937575,,,
23,40,40.0127643,,,
23,41,41.0002132,,,
23,42,41.9918232,,,
23,43,42.98076646,,,
23,44,43.974112,,,
23,45,44.96577489,,,
23,46,45.96019878,,,
23,47,46.95490491,,,
23,48,47.95225221,,,
23,49,48.94851181,,,
23,50,49.94715602,,,
23,51,50.94395705,,,
23,52,51.94477302,,,
23,53,52.94433673,,,
23,54,53.94643916,,,
23,55,54.947241,,,
23,56,55.9504819,,,
23,57,56.9525224,,,
23,58,57.9567214,,,
23,59,58.9593917,,,
23,60,59.9643124,,,
23,61,60.9672596,,,
23,62,61.9726532,,,
23,63,62.9763943,,,
23,64,63.9826443,,,
23,65,64.9875054,,,
23,66,65.9939864,,,
24,42,42.0067043,,,
24,43,42.9975343,,,
24,44,43.9853632,,,
24,45,44.97905038,,,
24,46,45.96835921,,,
24,47,46.96289748,,,
24,48,47.95402918,,,
24,49,48.95133333,,,
24,50,49.94604184,,,
24,51,50.94476503,,,
24,52,51.94050624,,,
24,53,52.94064816,,,
24,54,53.93887917,,,
24,55,54.94083844,,,
24,56,55.94065312,,,
24,57,56.94361302,,,
24,58,57.9443522,,,
24,59,58.9485926,,,
24,60,59.9500823,,,
24,61,60.9544214,,,
24,62,61.9561016,,,
24,63,62.9616549,,,
24,64,63.9640832,,,
24,65,64.9699632,,,
24,66,65.9736654,,,
24,67,66.9801654,,,
24,68,67.9840375,,,
25,44,44.0071554,,,
25,45,44.9944943,,,
25,46,45.9860943,,,
25,47,46.97577534,,,
25,48,47.9685218,,,
25,49,48.95959511,,,
25,50,49.95423779,,,
25,51,50.94820848,,,
25,52,51.94556392,,,
25,53,52.9412889,,,
25,54,53.94035761,,,
25,55,54.93804391,,,
25,56,55.93890369,,,
25,57,56.93828612,,,
25,58,57.94006663,,,
25,59,58.94039113,,,
25,60,59.94313663,,,
25,61,60.94445253,,,
25,62,61.9479516,,,
25,63,62.94966474,,,
25,64,63.95384944,,,
25,65,64.95601984,,,
25,66,65.96054712,,,
25,67,66.9642443,,,
25,68,67.9696254,,,
25,69,68.9736664,,,
25,70,69.9793775,,,
25,71,70.9836875,,,
26,45,45.0144243,,,
26,46,46.0006354,,,
26,47,46.9918554,,,
26,48,47.9802343,,,
26,49,48.97342926,,,
26,50,49.96297564,,,
26,51,50.9568411,,,
26,52,51.94811317,,,
26,53,52.94530642,,,
26,54,53.939609,,,
26,55,54.938292,,,
26,56,55.93493633,,,
26,57,56.93539284,,,
26,58,57.93327444,,,
26,59,58.93487435,,,
26,60,59.93407114,,,
26,61,60.93674623,,,
26,62,61.93679183,,,
26,63,62.94027275,,,
26,64,63.94098785,,,
26,65,64.94501157,,,
26,66,65.94625004,,,
26,67,66.9505423,,,
26,68,67.9529539,,,
26,69,68.9580743,,,
26,70,69.9610254,,,
26,71,70.9667264,,,
26,72,71.9698375,,,
26,73,72.9757275,,,
26,74,73.9793586,,,
27,47,47.0105786,,,
27,48,48.0009386,,,
27,49,48.9889175,,,
27,50,49.9809164,,,
27,51,50.97064752,,,
27,52,51.9635121,,,
27,53,52.95420412,,,
27,54,53.94845988,,,
27,55,54.94199721,,,
27,56,55.93983881,,,
27,57,56.93629058,,,
27,58,57.93575211,,,
27,59,58.9331943,,,
27,60,59.93381631,,,
27,61,60.93247663,,,
27,62,61.9340592,,,
27,63,62.9336002,,,
27,64,63.93581121,,,
27,65,64.93646212,,,
27,66,65.93944315,,,
27,67,66.94060967,,,
27,68,67.9442616,,,
27,69,68.946142,,,
27,70,69.9496332,,,
27,71,70.952375,,,
27,72,71.9572943,,,
27,73,72.9603954,,,
27,74,73.9651564,,,
27,75,74.9687675,,,
27,76,75.9741386,,,
28,48,48.0176954,,,
28,49,49.0077086,,,
28,50,49.9947486,,,
28,51,50.9861186,,,
28,52,51.9748075,,,
28,53,52.96819027,,,
28,54,53.95789254,,,
28,55,54.95133064,,,
28,56,55.94212856,,,
28,57,56.93979219,,,
28,58,57.93534242,,,
28,59,58.93434621,,,
28,60,59.93078589,,,
28,61,60.93105558,,,
28,62,61.92834538,,,
28,63,62.92966964,,,
28,64,63.92796683,,,
28,65,64.93008518,,,
28,66,65.92913932,,,
28,67,66.93156943,,,
28,68,67.93186883,,,
28,69,68.93561034,,,
28,70,69.93643132,,,
28,71,70.94051902,,,
28,72,71.94178592,,,
28,73,72.94620673,,,
28,74,73.9479843,,,
28,75,74.9525032,,,
28,76,75.9553354,,,
28,77,76.9605554,,,
28,78,77.9633686,,,
28,79,78.9702586,,,
29,52,51.9967186,,,
29,53,52.9845986,,,
29,54,53.9766654,,,
29,55,54.9660417,,,
29,56,55.9589521,,,
29,57,56.94921251,,,
29,58,57.94453306,,,
29,59,58.93949749,,,
29,60,59.93736452,,,
29,61,60.93345761,,,
29,62,61.93259542,,,
29,63,62.92959773,,,
29,64,63.92976435,,,
29,65,64.92778971,,,
29,66,65.92886904,,,
29,67,66.92773031,,,
29,68,67.92961092,,,
29,69,68.92942932,,,
29,70,69.93239211,,,
29,71,70.93267682,,,
29,72,71.93582032,,,
29,73,72.93667442,,,
29,74,73.93987497,,,
29,75,74.94152263,,,
29,76,75.94527507,,,
29,77,76.9479216,,,
29,78,77.9522354,,,
29,79,78.9550243,,,
29,80,79.9608964,,,
29,81,80.9658786,,,
29,82,81.9724486,,,
30,54,53.9920475,,,
30,55,54.9839875,,,
30,56,55.9725454,,,
30,57,56.9650622,,,
30,58,57.95459154,,,
30,59,58.94931267,,,
30,60,59.94184211,,,
30,61,60.93950717,,,
30,62,61.93433398,,,
30,63,62.93321152,,,
30,64,63.92914202,,,
30,65,64.92924078,,,
30,66,65.92603382,,,
30,67,66.92712776,,,
30,68,67.92484456,,,
30,69,68.92655071,,,
30,70,69.92531922,,,
30,71,70.92771963,,,
30,72,71.92684282,,,
30,73,72.92958262,,,
30,74,73.92940733,,,
30,75,74.93284022,,,
30,76,75.93311502,,,
30,77,76.93688722,,,
30,78,77.93828922,,,
30,79,78.94263812,,,
30,80,79.94455293,,,
30,81,80.95040265,,,
30,82,81.9542632,,,
30,83,82.9605654,,,
30,84,83.9652164,,,
30,85,84.9722675,,,
31,56,55.9953664,,,
31,57,56.9832032,,,
31,58,57.9747821,,,
31,59,58.9635318,,,
31,60,59.9572921,,,
31,61,60.94939941,,,
31,62,61.94419026,,,
31,63,62.93929421,,,
31,64,63.93684042,,,
31,65,64.9327346,,,
31,66,65.93158943,,,
31,67,66.92820251,,,
31,68,67.92798052,,,
31,69,68.92557351,,,
31,70,69.92602191,,,
31,71,70.92470259,,,
31,72,71.92636748,,,
31,73,72.92517472,,,
31,74,73.92694573,,,
31,75,74.92650023,,,
31,76,75.92882762,,,
31,77,76.92915433,,,
31,78,77.93160882,,,
31,79,78.93285232,,,
31,80,79.93642083,,,
31,81,80.93813384,,,
31,82,81.94317653,,,
31,83,82.94712033,,,
31,84,83.9524643,,,
31,85,84.9569932,,,
31,86,85.9630175,,,
31,87,86.9682486,,,
32,58,57.9917243,,,
32,59,58.9824932,,,
32,60,59.9703621,,,
32,61,60.9637932,,,
32,62,61.9550215,,,
32,63,62.9496284,,,
32,64,63.94168994,,,
32,65,64.93936812,,,
32,66,65.93386213,,,
32,67,66.93273395,,,
32,68,67.92809532,,,
32,69,68.92796451,,,
32,70,69.92424876,,,
32,71,70.92495234,,,
32,72,71.92207583,,,
32,73,72.92345896,,,
32,74,73.92117776,,,
32,75,74.92285837,,,
32,76,75.92140273,,,
32,77,76.92354984,,,
32,78,77.92285294,,,
32,79,78.9253604,,,
32,80,79.92535082,,,
32,81,80.92883292,,,
32,82,81.92977402,,,
32,83,82.93453913,,,
32,84,83.93757513,,,
32,85,84.94296974,,,
32,86,85.9465832,,,
32,87,86.9526843,,,
32,88,87.9569154,,,
32,89,88.9637964,,,
32,90,89.9686375,,,
33,60,59.9938843,,,
33,61,60.9811232,,,
33,62,61.9736132,,,
33,63,62.9639021,,,
33,64,63.9574333,,,
33,65,64.94961191,,,
33,66,65.94414886,,,
33,67,66.93925111,,,
33,68,67.93677412,,,
33,69,68.93224634,,,
33,70,69.93092654,,,
33,71,70.92711385,,,
33,72,71.92675234,,,
33,73,72.92382914,,,
33,74,73.92392862,,,
33,75,74.92159458,,,
33,76,75.92239203,,,
33,77,76.92064762,,,
33,78,77.92182811,,,
33,79,78.92094846,,,
33,80,79.92247464,,,
33,81,80.92213233,,,
33,82,81.92474125,,,
33,83,82.92520693,,,
33,84,83.92930333,,,
33,85,84.93216373,,,
33,86,85.93670154,,,
33,87,86.94029173,,,
33,88,87.9455521,,,
33,89,88.9497632,,,
33,90,89.9556364,,,
33,91,90.9603964,,,
33,92,91.9667475,,,
34,64,63.9710954,,,
34,65,64.9644064,,,
34,66,65.9555932,,,
34,67,66.94999472,,,
34,68,67.94182525,,,
34,69,68.93941482,,,
34,70,69.93351552,,,
34,71,70.93220943,,,
34,72,71.92714052,,,
34,73,72.92675498,,,
34,74,73.92247593,,,
34,75,74.92252287,,,
34,76,75.9192137,,,
34,77,76.91991415,,,
34,78,77.91730928,,,
34,79,78.91849929,,,
34,80,79.91652181,,,
34,81,80.91799301,,,
34,82,81.91669952,,,
34,83,82.91911864,,,
34,84,83.91846682,,,
34,85,84.92226083,,,
34,86,85.92431173,,,
34,87,86.92868862,,,
34,88,87.93141754,,,
34,89,88.93666914,,,
34,90,89.9401035,,,
34,91,90.9459654,,,
34,92,91.9498464,,,
34,93,92.9562986,,,
34,94,93.9604986,,,
34,95,94.9673086,,,
35,67,66.9646554,,,
35,68,67.9587333,,,
35,69,68.9504974,,,
35,70,69.94479216,,,
35,71,70.93934226,,,
35,72,71.93658867,,,
35,73,72.93167158,,,
35,74,73.92991026,,,
35,75,74.92581055,,,
35,76,75.9245421,,,
35,77,76.92137923,,,
35,78,77.92114594,,,
35,79,78.91833761,,,
35,80,79.91852981,,,
35,81,80.91628971,,,
35,82,81.91680321,,,
35,83,82.91517564,,,
35,84,83.91649628,,,
35,85,84.91564583,,,
35,86,85.91880543,,,
35,87,86.92067403,,,
35,88,87.92408333,,,
35,89,88.92670464,,,
35,90,89.93129284,,,
35,91,90.93439864,,,
35,92,91.93963167,,,
35,93,92.9431348,,,
35,94,93.9489043,,,
35,95,94.9530121,,,
35,96,95.9590332,,,
35,97,96.9634443,,,
35,98,97.9694643,,,
36,69,68.9651843,,,
36,70,69.9560421,,,
36,71,70.9502714,,,
36,72,71.94209249,,,
36,73,72.93928927,,,
36,74,73.93308402,,,
36,75,74.93094579,,,
36,76,75.92591034,,,
36,77,76.92467002,,,
36,78,77.92036495,,,
36,79,78.92008294,,,
36,80,79.91637809,,,
36,81,80.91659122,,,
36,82,81.91348274,,,
36,83,82.91412716,,,
36,84,83.91149773,,,
36,85,84.91252732,,,
36,86,85.91061063,,,
36,87,86.91335476,,,
36,88,87.91444793,,,
36,89,88.91783552,,,
36,90,89.91952792,,,
36,91,90.92380632,,,
36,92,91.92617313,,,
36,93,92.93114723,,,
36,94,93.93414013,,,
36,95,94.9397112,,,
36,96,95.94301722,,,
36,97,96.9490914,,,
36,98,97.9524332,,,
36,99,98.9583954,,,
36,100,99.9623743,,,
36,101,100.9687354,,,
37,71,70.9653254,,,
37,72,71.9590854,,,
37,73,72.9505311,,,
37,74,73.94426593,,,
37,75,74.93857321,,,
37,76,75.93507301,,,
37,77,76.93040161,,,
37,78,77.92814194,,,
37,79,78.92398992,,,
37,80,79.92251642,,,
37,81,80.91899395,,,
37,82,81.91820903,,,
37,83,82.91511423,,,
37,84,83.91437522,,,
37,85,84.91178974,,,
37,86,85.91116743,,,
37,87,86.90918053,,,
37,88,87.91131559,,,
37,89,88.91227836,,,
37,90,89.91479857,,,
37,91,90.91653728,,,
37,92,91.91972847,,,
37,93,92.92203938,,,
37,94,93.92639482,,,
37,95,94.92926022,,,
37,96,95.93413344,,,
37,97,96.93717712,,,
37,98,97.94168694,,,
37,99,98.9450312,,,
37,100,99.9500321,,,
37,101,100.9540423,,,
37,102,101.9595232,,,
37,103,102.9639243,,,
38,73,72.9657043,,,
38,74,73.9561711,,,
38,75,74.9499524,,,
38,76,75.94176337,,,
38,77,76.93794559,,,
38,78,77.93218008,,,
38,79,78.92970779,,,
38,80,79.92451754,,,
38,81,80.92321143,,,
38,82,81.91839996,,,
38,83,82.91755447,,,
38,84,83.91341911,,,
38,85,84.91293203,,,
38,86,85.90926061,,,
38,87,86.90887751,,,
38,88,87.90561251,,,
38,89,88.90745111,,,
38,90,89.90773003,,,
38,91,90.91019546,,,
38,92,91.91103824,,,
38,93,92.91402428,,,
38,94,93.91535562,,,
38,95,94.91935296,,,
38,96,95.92170669,,,
38,97,96.92637404,,,
38,98,97.92868884,,,
38,99,98.93289074,,,
38,100,99.9357701,,,
38,101,100.9403529,,,
38,102,101.9437918,,,
38,103,102.9490921,,,
38,104,103.9526532,,,
38,105,104.9585554,,,
38,106,105.9626564,,,
38,107,106.9689775,,,
39,76,75.9585654,,,
39,77,76.94978165,,,
39,78,77.9436143,,,
39,79,78.9373548,,,
39,80,79.93435617,,,
39,81,80.92945566,,,
39,82,81.92693146,,,
39,83,82.9224852,,,
39,84,83.92067215,,,
39,85,84.9164332,,,
39,86,85.91488615,,,
39,87,86.91087612,,,
39,88,87.90950162,,,
39,89,88.90584032,,,
39,90,89.90714392,,,
39,91,90.90729743,,,
39,92,91.9089452,,,
39,93,92.90957811,,,
39,94,93.91159067,,,
39,95,94.91281617,,,
39,96,95.91589687,,,
39,97,96.91827418,,,
39,98,97.92238219,,,
39,99,98.92414807,,,
39,100,99.92771512,,,
39,101,100.9301478,,,
39,102,101.9343277,,,
39,103,102.9372431,,,
39,104,103.9419643,,,
39,105,104.9454454,,,
39,106,105.9505654,,,
39,107,106.9545254,,,
39,108,107.9599664,,,
39,109,108.9643675,,,
40,78,77.9556654,,,
40,79,78.9494843,,,
40,80,79.940416,,,
40,81,80.9373118,,,
40,82,81.9313522,,,
40,83,82.92924217,,,
40,84,83.92332696,,,
40,85,84.92144447,,,
40,86,85.91629724,,,
40,87,86.91481805,,,
40,88,87.91022136,,,
40,89,88.90888144,,,
40,90,89.90469772,,,
40,91,90.90563962,,,
40,92,91.90503472,,,
40,93,92.90646992,,,
40,94,93.90631082,,,
40,95,94.90803852,,,
40,96,95.90827142,,,
40,97,96.91095122,,,
40,98,97.91272899,,,
40,99,98.91666711,,,
40,100,99.91800069,,,
40,101,100.9214481,,,
40,102,101.923141,,,
40,103,102.9271911,,,
40,104,103.9294361,,,
40,105,104.9340081,,,
40,106,105.9367621,,,
40,107,106.9417432,,,
40,108,107.9448743,,,
40,109,108.9504154,,,
40,110,109.9539664,,,
40,111,110.9596875,,,
40,112,111.9637075,,,
41,81,80.9496043,,,
41,82,81.9439632,,,
41,83,82.9372932,,,
41,84,83.9344932,,,
41,85,84.92884584,,,
41,86,85.92578286,,,
41,87,86.92069377,,,
41,88,87.91822261,,,
41,89,88.91344525,,,
41,90,89.91125844,,,
41,91,90.90698974,,,
41,92,91.90718813,,,
41,93,92.90637302,,,
41,94,93.90727882,,,
41,95,94.90683241,,,
41,96,95.90809734,,,
41,97,96.90809592,,,
41,98,97.91032656,,,
41,99,98.91161313,,,
41,100,99.91432769,,,
41,101,100.9153103,,,
41,102,101.9180772,,,
41,103,102.9194572,,,
41,104,103.9228925,,,
41,105,104.9249465,,,
41,106,105.9289317,,,
41,107,106.9315938,,,
41,108,107.9360749,,,
41,109,108.9392256,,,
41,110,109.9440321,,,
41,111,110.9475332,,,
41,112,111.9524732,,,
41,113,112.9565143,,,
41,114,113.9620154,,,
41,115,114.9663454,,,
42,83,82.9498843,,,
42,84,83.9414943,,,
42,85,84.93826117,,,
42,86,85.93117484,,,
42,87,86.92819623,,,
42,88,87.92196784,,,
42,89,88.91946824,,,
42,90,89.91393094,,,
42,91,90.91174537,,,
42,92,91.90680797,,,
42,93,92.90680959,,,
42,94,93.9050849,,,
42,95,94.90583877,,,
42,96,95.90467612,,,
42,97,96.90601812,,,
42,98,97.90540482,,,
42,99,98.90770852,,,
42,100,99.90747181,,,
42,101,100.9103414,,,
42,102,101.9102835,,,
42,103,102.9130791,,,
42,104,103.9137345,,,
42,105,104.9169691,,,
42,106,105.9182591,,,
42,107,106.9221061,,,
42,108,107.9240331,,,
42,109,108.9284241,,,
42,110,109.9307043,,,
42,111,110.9356541,,,
42,112,111.9383121,,,
42,113,112.9433532,,,
42,114,113.9465332,,,
42,115,114.9519643,,,
42,116,115.9554554,,,
42,117,116.9611754,,,
43,85,84.9505843,,,
43,86,85.9449332,,,
43,87,86.93806725,,,
43,88,87.9337816,,,
43,89,88.92764874,,,
43,90,89.92407391,,,
43,91,90.91842543,,,
43,92,91.91526983,,,
43,93,92.91024601,,,
43,94,93.90965364,,,
43,95,94.90765366,,,
43,96,95.90786806,,,
43,97,96.90636674,,,
43,98,97.90721244,,,
43,99,98.90625081,,,
43,100,99.90765392,,,
43,101,100.9073093,,,
43,102,101.9092098,,,
43,103,102.9091761,,,
43,104,103.9114253,,,
43,105,104.9116554,,,
43,106,105.9143581,,,
43,107,106.9154607,,,
43,108,107.9184958,,,
43,109,108.9202561,,,
43,110,109.9237441,,,
43,111,110.9259011,,,
43,112,111.9299459,,,
43,113,112.932569,,,
43,114,113.9369111,,,
43,115,114.9399821,,,
43,116,115.9447632,,,
43,117,116.9480643,,,
43,118,117.9529943,,,
43,119,118.9566654,,,
43,120,119.9618754,,,
44,87,86.9506943,,,
44,88,87.9416032,,,
44,89,88.9376232,,,
44,90,89.93034444,,,
44,91,90.92674192,,,
44,92,91.92023443,,,
44,93,92.91710442,,,
44,94,93.91134293,,,
44,95,94.9104061,,,
44,96,95.90759025,,,
44,97,96.90754713,,,
44,98,97.90528687,,,
44,99,98.90593411,,,
44,100,99.90421431,,,
44,101,100.9055769,,,
44,102,101.9043441,,,
44,103,102.9063186,,,
44,104,103.9054275,,,
44,105,104.9077476,,,
44,106,105.9073292,,,
44,107,106.9099721,,,
44,108,107.9101881,,,
44,109,108.9133261,,,
44,110,109.9140408,,,
44,111,110.9175701,,,
44,112,111.9188091,,,
44,113,112.9228444,,,
44,114,113.9246136,,,
44,115,114.9288207,,,
44,116,115.9312192,,,
44,117,116.9361063,,,
44,118,117.9385332,,,
44,119,118.9435732,,,
44,120,119.9463143,,,
44,121,120.9516443,,,
44,122,121.9544754,,,
44,123,122.9598954,,,
44,124,123.9630564,,,
45,89,88.9505839,,,
45,90,89.9442243,,,
45,91,90.9368843,,,
45,92,91.93236775,,,
45,93,92.92591283,,,
45,94,93.92173054,,,
45,95,94.91589794,,,
45,96,95.91445311,,,
45,97,96.91132938,,,
45,98,97.91070813,,,
45,99,98.90812827,,,
45,100,99.90811719,,,
45,101,100.9061607,,,
45,102,101.9068375,,,
45,103,102.905498,,,
45,104,103.9066492,,,
45,105,104.9056885,,,
45,106,105.9072869,,,
45,107,106.9067481,,,
45,108,107.9087142,,,
45,109,108.9087488,,,
45,110,109.9110792,,,
45,111,110.9116424,,,
45,112,111.9144035,,,
45,113,112.9154394,,,
45,114,113.9187188,,,
45,115,114.9203117,,,
45,116,115.9240598,,,
45,117,116.9260355,,,
45,118,117.9303403,,,
45,119,118.9325571,,,
45,120,119.9368621,,,
45,121,120.9394232,,,
45,122,121.9439932,,,
45,123,122.9468543,,,
45,124,123.9515143,,,
45,125,124.9546954,,,
45,126,125.9594654,,,
46,91,90.9503254,,,
46,92,91.9408854,,,
46,93,92.9365143,,,
46,94,93.92903765,,,
46,95,94.92488983,,,
46,96,95.91821515,,,
46,97,96.91647205,,,
46,98,97.91269835,,,
46,99,98.91177485,,,
46,100,99.90850519,,,
46,101,100.9082864,,,
46,102,101.9056022,,,
46,103,102.9060809,,,
46,104,103.9040305,,,
46,105,104.9050796,,,
46,106,105.9034804,,,
46,107,106.9051282,,,
46,108,107.9038916,,,
46,109,108.9059504,,,
46,110,109.9051722,,,
46,111,110.9076897,,,
46,112,111.9073298,,,
46,113,112.9102611,,,
46,114,113.9103687,,,
46,115,114.9136592,,,
46,116,115.9142971,,,
46,117,116.9179548,,,
46,118,117.9190667,,,
46,119,118.9233403,,,
46,120,119.9245511,,,
46,121,120.9289503,,,
46,122,121.9306322,,,
46,123,122.9351421,,,
46,124,123.9371432,,,
46,125,124.9417943,,,
46,126,125.9441654,,,
46,127,126.9490754,,,
46,128,127.9518364,,,
47,93,92.9503354,,,
47,94,93.9437369,,,
47,95,94.9360243,,,
47,96,95.93074497,,,
47,97,96.9239712,,,
47,98,97.92156035,,,
47,99,98.91764587,,,
47,100,99.91611545,,,
47,101,100.9126841,,,
47,102,101.9117048,,,
47,103,102.9089631,,,
47,104,103.9086239,,,
47,105,104.9065256,,,
47,106,105.9066636,,,
47,107,106.9050916,,,
47,108,107.9059503,,,
47,109,108.9047553,,,
47,110,109.9061102,,,
47,111,110.9052959,,,
47,112,111.9070486,,,
47,113,112.9065732,,,
47,114,113.908823,,,
47,115,114.9087672,,,
47,116,115.9113868,,,
47,117,116.9117742,,,
47,118,117.9145955,,,
47,119,118.9155702,,,
47,120,119.9187848,,,
47,121,120.9201251,,,
47,122,121.9236644,,,
47,123,122.9253373,,,
47,124,123.9289327,,,
47,125,124.9310564,,,
47,126,125.9347521,,,
47,127,126.9371121,,,
47,128,127.9410632,,,
47,129,128.9439532,,,
47,130,129.9507036,,,
48,95,94.9499454,,,
48,96,95.9403443,,,
48,97,96.9351032,,,
48,98,97.92738956,,,
48,99,98.92492582,,,
48,100,99.92034882,,,
48,101,100.9185862,,,
48,102,101.914482,,,
48,103,102.9134165,,,
48,104,103.9098564,,,
48,105,104.9094639,,,
48,106,105.9064599,,,
48,107,106.9066121,,,
48,108,107.9041834,,,
48,109,108.9049867,,,
48,110,109.9030066,,,
48,111,110.9041829,,,
48,112,111.9027629,,,
48,113,112.9044081,,,
48,114,113.9033651,,,
48,115,114.9054375,,,
48,116,115.9047632,,,
48,117,116.907226,,,
48,118,117.9069222,,,
48,119,118.9098474,,,
48,120,119.9098681,,,
48,121,120.9129637,,,
48,122,121.9134591,,,
48,123,122.9168925,,,
48,124,123.9176574,,,
48,125,124.9212576,,,
48,126,125.9224291,,,
48,127,126.9264721,,,
48,128,127.927813,,,
48,129,128.9318221,,,
48,130,129.9339418,,,
48,131,130.9406021,,,
48,132,131.9460421,,,
48,133,132.9528532,,,
49,97,96.9493454,,,
49,98,97.9421421,,,
49,99,98.9341121,,,
49,100,99.930962,,,
49,101,100.9263432,,,
49,102,101.9241071,,,
49,103,102.919882,,,
49,104,103.9182146,,,
49,105,104.9145021,,,
49,106,105.9134641,,,
49,107,106.9102901,,,
49,108,107.9096936,,,
49,109,108.9071514,,,
49,110,109.9071701,,,
49,111,110.9051085,,,
49,112,111.9055377,,,
49,113,112.9040618,,,
49,114,113.9049179,,,
49,115,114.9038788,,,
49,116,115.90526,,,
49,117,116.9045158,,,
49,118,117.9063567,,,
49,119,118.9058508,,,
49,120,119.9079674,,,
49,121,120.9078513,,,
49,122,121.9102815,,,
49,123,122.9104342,,,
49,124,123.9131823,,,
49,125,124.9136053,,,
49,126,125.9165073,,,
49,127,126.9174462,,,
49,128,127.9204016,,,
49,129,128.9218053,,,
49,130,129.9249774,,,
49,131,130.9269715,,,
49,132,131.9330016,,,
49,133,132.9383121,,,
49,134,133.9445432,,,
49,135,134.9500543,,,
50,99,98.9485354,,,
50,100,99.9385032,,,
50,101,100.9352632,,,
50,102,101.9302911,,,
50,103,102.9281058,,,
50,104,103.9231053,,,
50,105,104.9212684,,,
50,106,105.9169575,,,
50,107,106.9157138,,,
50,108,107.9118944,,,
50,109,108.9112922,,,
50,110,109.9078452,,,
50,111,110.9077402,,,
50,112,111.9048239,,,
50,113,112.9051757,,,
50,114,113.9027827,,,
50,115,114.9033447,,,
50,116,115.9017428,,,
50,117,116.902954,,,
50,118,117.9016066,,,
50,119,118.9033112,,,
50,120,119.9022016,,,
50,121,120.9042426,,,
50,122,121.9034438,,,
50,123,122.9057252,,,
50,124,123.9052766,,,
50,125,124.9077864,,,
50,126,125.9076591,,,
50,127,126.9103901,,,
50,128,127.9105072,,,
50,129,128.9134652,,,
50,130,129.9139738,,,
50,131,130.9170451,,,
50,132,131.9178267,,,
50,133,132.9239134,,,
50,134,133.9286821,,,
50,135,134.9349086,,,
50,136,135.9399943,,,
50,137,136.9465554,,,
50,138,137.9518464,,,
51,103,102.9396932,,,
51,104,103.9364813,,,
51,105,104.9312762,,,
51,106,105.9286381,,,
51,107,106.9241506,,,
51,108,107.9222268,,,
51,109,108.9181412,,,
51,110,109.9168544,,,
51,111,110.9132183,,,
51,112,111.9124002,,,
51,113,112.9093752,,,
51,114,113.9092902,,,
51,115,114.9065982,,,
51,116,115.9067932,,,
51,117,116.9048416,,,
51,118,117.9055321,,,
51,119,118.9039456,,,
51,120,119.9050795,,,
51,121,120.903812,,,
51,122,121.9051699,,,
51,123,122.9042132,,,
51,124,123.905935,,,
51,125,124.905253,,,
51,126,125.9072533,,,
51,127,126.9069244,,,
51,128,127.9091462,,,
51,129,128.9091472,,,
51,130,129.9116622,,,
51,131,130.9119888,,,
51,132,131.9145077,,,
51,133,132.9152732,,,
51,134,133.9205357,,,
51,135,134.9251851,,,
51,136,135.930746,,,
51,137,136.9355532,,,
51,138,137.9414532,,,
51,139,138.9465543,,,
51,140,139.9528364,,,
52,105,104.9433032,,,
52,106,105.9375011,,,
52,107,106.9350128,,,
52,108,107.9293806,,,
52,109,108.9273045,,,
52,110,109.9224582,,,
52,111,110.9210007,,,
52,112,111.916728,,,
52,113,112.9158913,,,
52,114,113.9120893,,,
52,115,114.9119023,,,
52,116,115.9084603,,,
52,117,116.9086461,,,
52,118,117.9058542,,,
52,119,118.9064072,,,
52,120,119.9040593,,,
52,121,120.9049443,,,
52,122,121.9030435,,,
52,123,122.9042698,,,
52,124,123.9028171,,,
52,125,124.9044299,,,
52,126,125.9033109,,,
52,127,126.9052257,,,
52,128,127.9044613,,,
52,129,128.9065965,,,
52,130,129.9062227,,,
52,131,130.9085222,,,
52,132,131.9085467,,,
52,133,132.9109688,,,
52,134,133.911394,,,
52,135,134.9165557,,,
52,136,135.9201006,,,
52,137,136.9255989,,,
52,138,137.9294722,,,
52,139,138.9353672,,,
52,140,139.9394993,,,
52,141,140.9458043,,,
52,142,141.9502254,,,
52,143,142.9567654,,,
53,107,106.9467832,,,
53,108,107.9434814,,,
53,109,108.9380854,,,
53,110,109.9350895,,,
53,111,110.9302693,,,
53,112,111.9280051,,,
53,113,112.9236502,,,
53,114,113.9218532,,,
53,115,114.9180483,,,
53,116,115.916811,,,
53,117,116.9136483,,,
53,118,117.9130742,,,
53,119,118.9100743,,,
53,120,119.9100872,,,
53,121,120.9074052,,,
53,122,121.9075889,,,
53,123,122.9055885,,,
53,124,123.906209,,,
53,125,124.9046294,,,
53,126,125.9056233,,,
53,127,126.9044719,,,
53,128,127.9058086,,,
53,129,128.9049837,,,
53,130,129.9066702,,,
53,131,130.9061263,,,
53,132,131.9079935,,,
53,133,132.9077971,,,
53,134,133.9097589,,,
53,135,134.9100489,,,
53,136,135.9146042,,,
53,137,136.9180283,,,
53,138,137.9227265,,,
53,139,138.9265063,,,
53,140,139.931732,,,
53,141,140.9356921,,,
53,142,141.941204,,,
53,143,142.9456532,,,
53,144,143.9513943,,,
53,145,144.9560554,,,
54,109,108.9504332,,,
54,110,109.9442611,,,
54,111,110.9416079,,,
54,112,111.9355591,,,
54,113,112.9332218,,,
54,114,113.9279801,,,
54,115,114.9262941,,,
54,116,115.9215811,,,
54,117,116.9203591,,,
54,118,117.9161791,,,
54,119,118.9154111,,,
54,120,119.9117841,,,
54,121,120.9114531,,,
54,122,121.9083681,,,
54,123,122.9084821,,,
54,124,123.905892,,,
54,125,124.9063944,,,
54,126,125.9042983,,,
54,127,126.9051829,,,
54,128,127.903531,,,
54,129,128.9047809,,,
54,130,129.9035093,,,
54,131,130.9050841,,,
54,132,131.9041551,,,
54,133,132.9059108,,,
54,134,133.9053947,,,
54,135,134.9072278,,,
54,136,135.9072145,,,
54,137,136.9115578,,,
54,138,137.9141463,,,
54,139,138.9187922,,,
54,140,139.9216458,,,
54,141,140.9267872,,,
54,142,141.9299731,,,
54,143,142.9353697,,,
54,144,143.9389452,,,
54,145,144.9447201,,,
54,146,145.9485183,,,
54,147,146.9542621,,,
54,148,147.9581321,,,
55,112,111.9503099,,,
55,113,112.9444292,,,
55,114,113.9412968,,,
55,115,114.9359132,,,
55,116,115.9333711,,,
55,117,116.9286177,,,
55,118,117.9265601,,,
55,119,118.9223772,,,
55,120,119.9206771,,,
55,121,120.9172272,,,
55,122,121.9161084,,,
55,123,122.9129961,,,
55,124,123.9122579,,,
55,125,124.9097281,,,
55,126,125.9094461,,,
55,127,126.9074175,,,
55,128,127.9077488,,,
55,129,128.9060657,,,
55,130,129.9067094,,,
55,131,130.905465,,,
55,132,131.9064339,,,
55,133,132.905452,,,
55,134,133.9067185,,,
55,135,134.905977,,,
55,136,135.9073114,,,
55,137,136.9070892,,,
55,138,137.9110172,,,
55,139,138.9133638,,,
55,140,139.9172832,,,
55,141,140.9200456,,,
55,142,141.9242961,,,
55,143,142.9273492,,,
55,144,143.9320763,,,
55,145,144.9355271,,,
55,146,145.9403444,,,
55,147,146.9441566,,,
55,148,147.9492362,,,
55,149,148.9530221,,,
55,150,149.9583332,,,
55,151,150.9625843,,,
56,114,113.9506612,,,
56,115,114.9473754,,,
56,116,115.9412832,,,
56,117,116.9381421,,,
56,118,117.9330621,,,
56,119,118.9306621,,,
56,120,119.9260532,,,
56,121,120.9240515,,,
56,122,121.9199043,,,
56,123,122.9187811,,,
56,124,123.9150941,,,
56,125,124.9144721,,,
56,126,125.9112501,,,
56,127,126.9110911,,,
56,128,127.9083421,,,
56,129,128.9086811,,,
56,130,129.9063207,,,
56,131,130.906941,,,
56,132,131.9050611,,,
56,133,132.9060074,,,
56,134,133.9045082,,,
56,135,134.9056884,,,
56,136,135.9045757,,,
56,137,136.9058271,,,
56,138,137.905247,,,
56,139,138.9088411,,,
56,140,139.9106058,,,
56,141,140.9144034,,,
56,142,141.9164325,,,
56,143,142.9206254,,,
56,144,143.922955,,,
56,145,144.9275185,,,
56,146,145.9302842,,,
56,147,146.9353042,,,
56,148,147.9381717,,,
56,149,148.9430821,,,
56,150,149.9460532,,,
56,151,150.9512732,,,
56,152,151.9548143,,,
56,153,152.9603643,,,
57,116,115.9563023,,,
57,117,116.9499932,,,
57,118,117.9467332,,,
57,119,118.9409932,,,
57,120,119.9380732,,,
57,121,120.9331532,,,
57,122,121.9307132,,,
57,123,122.9263021,,,
57,124,123.9245746,,,
57,125,124.9208163,,,
57,126,125.919514,,,
57,127,126.9163753,,,
57,128,127.9155926,,,
57,129,128.9126942,,,
57,130,129.9123693,,,
57,131,130.9100703,,,
57,132,131.9101194,,,
57,133,132.9082183,,,
57,134,133.9085142,,,
57,135,134.9069841,,,
57,136,135.9076356,,,
57,137,136.9064504,,,
57,138,137.9071149,,,
57,139,138.9063563,,,
57,140,139.9094806,,,
57,141,140.910966,,,
57,142,141.914091,,,
57,143,142.9160796,,,
57,144,143.9196461,,,
57,145,144.9218081,,,
57,146,145.9258754,,,
57,147,146.9284181,,,
57,148,147.9326792,,,
57,149,148.9353521,,,
57,150,149.9394721,,,
57,151,150.9423221,,,
57,152,151.9468232,,,
57,153,152.9503632,,,
57,154,153.9551743,,,
57,155,154.9590143,,,
58,119,118.9527154,,,
58,120,119.9465454,,,
58,121,120.9433543,,,
58,122,121.9378743,,,
58,123,122.9352832,,,
58,124,123.9303132,,,
58,125,124.9284421,,,
58,126,125.9239713,,,
58,127,126.9227273,,,
58,128,127.9189113,,,
58,129,128.9181023,,,
58,130,129.9147363,,,
58,131,130.9144294,,,
58,132,131.9114642,,,
58,133,132.9115202,,,
58,134,133.9089282,,,
58,135,134.9091611,,,
58,136,135.9071292,,,
58,137,136.9077624,,,
58,138,137.9059911,,,
58,139,138.9066552,,,
58,140,139.9054431,,,
58,141,140.9082807,,,
58,142,141.9092504,,,
58,143,142.9123921,,,
58,144,143.9136529,,,
58,145,144.9172654,,,
58,146,145.9188022,,,
58,147,146.92269,,,
58,148,147.9244241,,,
58,149,148.9284271,,,
58,150,149.9303841,,,
58,151,150.9342722,,,
58,152,151.9366021,,,
58,153,152.9409321,,,
58,154,153.9438032,,,
58,155,154.9485543,,,
58,156,155.9518343,,,
58,157,156.9570554,,,
59,121,120.9553254,,,
59,122,121.9517554,,,
59,123,122.9459643,,,
59,124,123.9429443,,,
59,125,124.9377032,,,
59,126,125.9352421,,,
59,127,126.9307121,,,
59,128,127.9287913,,,
59,129,128.9250953,,,
59,130,129.9235907,,,
59,131,130.9202355,,,
59,132,131.9192556,,,
59,133,132.9163311,,,
59,134,133.9156972,,,
59,135,134.9131121,,,
59,136,135.9126771,,,
59,137,136.9106793,,,
59,138,137.9107542,,,
59,139,138.9089409,,,
59,140,139.9090804,,,
59,141,140.9076576,,,
59,142,141.9100496,,,
59,143,142.9108228,,,
59,144,143.9133109,,,
59,145,144.9145183,,,
59,146,145.9176804,,,
59,147,146.9190082,,,
59,148,147.9221302,,,
59,149,148.9237361,,,
59,150,149.9266766,,,
59,151,150.9283091,,,
59,152,151.9315532,,,
59,153,152.9339041,,,
59,154,153.9375316,,,
59,155,154.9405092,,,
59,156,155.9446432,,,
59,157,156.9478943,,,
59,158,157.9524143,,,
59,159,158.9558954,,,
60,124,123.9522054,,,
60,125,124.9489043,,,
60,126,125.9431132,,,
60,127,126.9403832,,,
60,128,127.9352521,,,
60,129,128.9331022,,,
60,130,129.9285063,,,
60,131,130.9272483,,,
60,132,131.9233213,,,
60,133,132.9223485,,,
60,134,133.9187901,,,
60,135,134.9181812,,,
60,136,135.9149761,,,
60,137,136.9145621,,,
60,138,137.9119501,,,
60,139,138.9119543,,,
60,140,139.9095503,,,
60,141,140.9096147,,,
60,142,141.907729,,,
60,143,142.90982,,,
60,144,143.910093,,,
60,145,144.9125793,,,
60,146,145.9131226,,,
60,147,146.9161061,,,
60,148,147.9168993,,,
60,149,148.9201548,,,
60,150,149.9209022,,,
60,151,150.9238403,,,
60,152,151.9246923,,,
60,153,152.927718,,,
60,154,153.9294812,,,
60,155,154.9331358,,,
60,156,155.9350821,,,
60,157,156.9393863,,,
60,158,157.9419732,,,
60,159,158.9465343,,,
60,160,159.9494043,,,
60,161,160.9542854,,,
61,126,125.9579254,,,
61,127,126.9519243,,,
61,128,127.9487032,,,
61,129,128.9432332,,,
61,130,129.9405321,,,
61,131,130.9356721,,,
61,132,131.9338416,,,
61,133,132.9297825,,,
61,134,133.9283536,,,
61,135,134.9248237,,,
61,136,135.9235858,,,
61,137,136.9204801,,,
61,138,137.9195483,,,
61,139,138.9168002,,,
61,140,139.9160404,,,
61,141,140.9135552,,,
61,142,141.9128903,,,
61,143,142.9109383,,,
61,144,143.9125964,,,
61,145,144.9127559,,,
61,146,145.9147024,,,
61,147,146.915145,,,
61,148,147.917482,,,
61,149,148.9183423,,,
61,150,149.9209912,,,
61,151,150.9212176,,,
61,152,151.9235063,,,
61,153,152.9241568,,,
61,154,153.9264725,,,
61,155,154.9281371,,,
61,156,155.9311175,,,
61,157,156.9331215,,,
61,158,157.9365651,,,
61,159,158.9392871,,,
61,160,159.9431032,,,
61,161,160.9460732,,,
61,162,161.9502243,,,
61,163,162.9535754,,,
62,128,127.9584254,,,
62,129,128.9547654,,,
62,130,129.9490043,,,
62,131,130.9461843,,,
62,132,131.9408732,,,
62,133,132.9385632,,,
62,134,133.9341121,,,
62,135,134.9325217,,,
62,136,135.9282761,,,
62,137,136.9269715,,,
62,138,137.9232441,,,
62,139,138.9222971,,,
62,140,139.9189951,,,
62,141,140.9184817,,,
62,142,141.9152044,,,
62,143,142.9146353,,,
62,144,143.9120065,,,
62,145,144.9134173,,,
62,146,145.913047,,,
62,147,146.9149044,,,
62,148,147.9148292,,,
62,149,148.9171921,,,
62,150,149.9172829,,,
62,151,150.9199398,,,
62,152,151.9197397,,,
62,153,152.9221047,,,
62,154,153.9222169,,,
62,155,154.9246477,,,
62,156,155.9255361,,,
62,157,156.9284187,,,
62,158,157.9299511,,,
62,159,158.9332173,,,
62,160,159.9353354,,,
62,161,160.9391603,,,
62,162,161.9414621,,,
62,163,162.9455532,,,
62,164,163.9483632,,,
62,165,164.9529743,,,
63,130,129.9636954,,,
63,131,130.9578443,,,
63,132,131.9546743,,,
63,133,132.9492932,,,
63,134,133.9464032,,,
63,135,134.9418721,,,
63,136,135.9396221,,,
63,137,136.9354621,,,
63,138,137.9337093,,,
63,139,138.9297921,,,
63,140,139.9280886,,,
63,141,140.9249321,,,
63,142,141.9234423,,,
63,143,142.9202991,,,
63,144,143.9188201,,,
63,145,144.9162726,,,
63,146,145.9172111,,,
63,147,146.9167527,,,
63,148,147.9180891,,,
63,149,148.9179378,,,
63,150,149.9197078,,,
63,151,150.9198578,,,
63,152,151.9217522,,,
63,153,152.921238,,,
63,154,153.922987,,,
63,155,154.9229011,,,
63,156,155.9247606,,,
63,157,156.9254334,,,
63,158,157.9277991,,,
63,159,158.9291001,,,
63,160,159.9318511,,,
63,161,160.9336641,,,
63,162,161.9369897,,,
63,163,162.9391968,,,
63,164,163.9427422,,,
63,165,164.9455935,,,
63,166,165.9496232,,,
63,167,166.9528943,,,
64,133,132.9613354,,,
64,134,133.9556643,,,
64,135,134.9524543,,,
64,136,135.9473032,,,
64,137,136.9450232,,,
64,138,137.9402521,,,
64,139,138.9381321,,,
64,140,139.9336743,,,
64,141,140.9321262,,,
64,142,141.9281163,,,
64,143,142.9267522,,,
64,144,143.9229633,,,
64,145,144.9217132,,,
64,146,145.9183188,,,
64,147,146.9191014,,,
64,148,147.9181215,,,
64,149,148.9193481,,,
64,150,149.9186645,,,
64,151,150.920356,,,
64,152,151.9197995,,,
64,153,152.921758,,,
64,154,153.9208741,,,
64,155,154.9226305,,,
64,156,155.9221312,,,
64,157,156.9239686,,,
64,158,157.9241123,,,
64,159,158.926397,,,
64,160,159.9270624,,,
64,161,160.9296775,,,
64,162,161.930993,,,
64,163,162.934177,,,
64,164,163.9358321,,,
64,165,164.9393632,,,
64,166,165.9414664,,,
64,167,166.9454543,,,
64,168,167.9480843,,,
64,169,168.9526054,,,
65,135,134.9647643,,,
65,136,135.9612954,,,
65,137,136.9560254,,,
65,138,137.9531232,,,
65,139,138.9483332,,,
65,140,139.9458186,,,
65,141,140.9414511,,,
65,142,141.9392875,,,
65,143,142.9351376,,,
65,144,143.9330453,,,
65,145,144.928821,,,
65,146,145.9272535,,,
65,147,146.9240549,,,
65,148,147.9242821,,,
65,149,148.9232535,,,
65,150,149.923665,,,
65,151,150.9231096,,,
65,152,151.9240834,,,
65,153,152.9234424,,,
65,154,153.9246855,,,
65,155,154.9235111,,,
65,156,155.9247552,,,
65,157,156.924033,,,
65,158,157.9254209,,,
65,159,158.9253547,,,
65,160,159.9271756,,,
65,161,160.9275778,,,
65,162,161.9294954,,,
65,163,162.9306547,,,
65,164,163.9333611,,,
65,165,164.9349821,,,
65,166,165.9378608,,,
65,167,166.9399621,,,
65,168,167.9434032,,,
65,169,168.9459732,,,
65,170,169.9498443,,,
65,171,170.9527354,,,
66,138,137.9625043,,,
66,139,138.9595954,,,
66,140,139.9540254,,,
66,141,140.9512832,,,
66,142,141.9461978,,,
66,143,142.9439941,,,
66,144,143.9392696,,,
66,145,144.9374741,,,
66,146,145.9328446,,,
66,147,146.9310828,,,
66,148,147.9271571,,,
66,149,148.9273221,,,
66,150,149.9255933,,,
66,151,150.9261916,,,
66,152,151.9247254,,,
66,153,152.9257724,,,
66,154,153.9244294,,,
66,155,154.9257591,,,
66,156,155.9242847,,,
66,157,156.9254708,,,
66,158,157.9244159,,,
66,159,158.925747,,,
66,160,159.9252046,,,
66,161,160.9269405,,,
66,162,161.9268056,,,
66,163,162.9287383,,,
66,164,163.9291819,,,
66,165,164.9317105,,,
66,166,165.9328139,,,
66,167,166.9356617,,,
66,168,167.9371315,,,
66,169,168.9403132,,,
66,170,169.9423921,,,
66,171,170.9461232,,,
66,172,171.9484632,,,
66,173,172.9528343,,,
67,140,139.9685954,,,
67,141,140.9631154,,,
67,142,141.9600154,,,
67,143,142.9548643,,,
67,144,143.9521098,,,
67,145,144.9472675,,,
67,146,145.9449936,,,
67,147,146.9401424,,,
67,148,147.9377449,,,
67,149,148.9338032,,,
67,150,149.9334982,,,
67,151,150.9316984,,,
67,152,151.9317241,,,
67,153,152.9302065,,,
67,154,153.9306069,,,
67,155,154.9291042,,,
67,156,155.9297066,,,
67,157,156.9282543,,,
67,158,157.9289463,,,
67,159,158.9277197,,,
67,160,159.9287372,,,
67,161,160.9278615,,,
67,162,161.9291023,,,
67,163,162.928741,,,
67,164,163.9302403,,,
67,165,164.9303288,,,
67,166,165.9322909,,,
67,167,166.9331386,,,
67,168,167.9355223,,,
67,169,168.9368782,,,
67,170,169.9396255,,,
67,171,170.9414764,,,
67,172,171.9447321,,,
67,173,172.9470232,,,
67,174,173.9509532,,,
67,175,174.9536243,,,
68,142,141.9701054,,,
68,143,142.9666243,,,
68,144,143.9607021,,,
68,145,144.9580521,,,
68,146,145.9524185,,,
68,147,146.9499644,,,
68,148,147.9447351,,,
68,149,148.9423063,,,
68,150,149.9379162,,,
68,151,150.9374492,,,
68,152,151.9350571,,,
68,153,152.9350801,,,
68,154,153.9327909,,,
68,155,154.933216,,,
68,156,155.9310673,,,
68,157,156.9319493,,,
68,158,157.9298933,,,
68,159,158.9306918,,,
68,160,159.9290773,,,
68,161,160.9300047,,,
68,162,161.9287884,,,
68,163,162.9300409,,,
68,164,163.9292088,,,
68,165,164.9307345,,,
68,166,165.9302995,,,
68,167,166.9320546,,,
68,168,167.9323767,,,
68,169,168.9345968,,,
68,170,169.9354702,,,
68,171,170.9380357,,,
68,172,171.9393619,,,
68,173,172.9424021,,,
68,174,173.9442332,,,
68,175,174.9477743,,,
68,176,175.9499443,,,
68,177,176.9539954,,,
69,144,143.9762843,,,
69,145,144.9703921,,,
69,146,145.9668421,,,
69,147,146.96138,,,
69,148,147.9583841,,,
69,149,148.9528932,,,
69,150,149.9500921,,,
69,151,150.9454882,,,
69,152,151.9444228,,,
69,153,152.9420402,,,
69,154,153.9415702,,,
69,155,154.9392101,,,
69,156,155.9389922,,,
69,157,156.9369443,,,
69,158,157.9369803,,,
69,159,158.9349753,,,
69,160,159.9352634,,,
69,161,160.9335493,,,
69,162,161.9340023,,,
69,163,162.9326593,,,
69,164,163.9335443,,,
69,165,164.9324431,,,
69,166,165.9335611,,,
69,167,166.9328562,,,
69,168,167.9341774,,,
69,169,168.9342179,,,
69,170,169.935806,,,
69,171,170.9364339,,,
69,172,171.9384056,,,
69,173,172.9396085,,,
69,174,173.9421735,,,
69,175,174.9438415,,,
69,176,175.9470011,,,
69,177,176.9490432,,,
69,178,177.9526443,,,
69,179,178.9553454,,,
70,148,147.9675864,,,
70,149,148.9643654,,,
70,150,149.9585243,,,
70,151,150.9554032,,,
70,152,151.9502717,,,
70,153,152.9493221,,,
70,154,153.9463962,,,
70,155,154.9457832,,,
70,156,155.9428251,,,
70,157,156.9426451,,,
70,158,157.9398706,,,
70,159,158.9400552,,,
70,160,159.9375572,,,
70,161,160.9379072,,,
70,162,161.9357742,,,
70,163,162.9363402,,,
70,164,163.9344952,,,
70,165,164.9352703,,,
70,166,165.9338748,,,
70,167,166.934953,,,
70,168,167.9338896,,,
70,169,168.9351825,,,
70,170,169.9347664,,,
70,171,170.9363302,,,
70,172,171.9363859,,,
70,173,172.9382151,,,
70,174,173.9388664,,,
70,175,174.9412808,,,
70,176,175.9425764,,,
70,177,176.9452656,,,
70,178,177.9466511,,,
70,179,178.9500421,,,
70,180,179.9521232,,,
70,181,180.9558932,,,
71,150,149.9735554,,,
71,151,150.9676843,,,
71,152,151.9641221,,,
71,153,152.9587517,,,
71,154,153.9573622,,,
71,155,154.9543212,,,
71,156,155.9530338,,,
71,157,156.9501272,,,
71,158,157.9493162,,,
71,159,158.9466364,,,
71,160,159.9460336,,,
71,161,160.9435723,,,
71,162,161.9432838,,,
71,163,162.9411793,,,
71,164,163.9413393,,,
71,165,164.9394073,,,
71,166,165.9398593,,,
71,167,166.9382703,,,
71,168,167.9387364,,,
71,169,168.9376441,,,
71,170,169.9384782,,,
71,171,170.937917,,,
71,172,171.9390891,,,
71,173,172.938934,,,
71,174,173.9403409,,,
71,175,174.9407752,,,
71,176,175.9426897,,,
71,177,176.9437615,,,
71,178,177.945958,,,
71,179,178.947331,,,
71,180,179.9498888,,,
71,181,180.9519117,,,
71,182,181.9550421,,,
71,183,182.957364,,,
71,184,183.9609132,,,
71,185,184.9636232,,,
72,153,152.9706954,,,
72,154,153.9648654,,,
72,155,154.9631132,,,
72,156,155.9593517,,,
72,157,156.9582421,,,
72,158,157.9548012,,,
72,159,158.9539962,,,
72,160,159.9506911,,,
72,161,160.9502782,,,
72,162,161.9472149,,,
72,163,162.9471133,,,
72,164,163.9443712,,,
72,165,164.9445673,,,
72,166,165.9421803,,,
72,167,166.9426003,,,
72,168,167.9405683,,,
72,169,168.9412593,,,
72,170,169.9396093,,,
72,171,170.9404923,,,
72,172,171.9394503,,,
72,173,172.9405133,,,
72,174,173.9400461,,,
72,175,174.9415092,,,
72,176,175.9414076,,,
72,177,176.9432277,,,
72,178,177.9437058,,,
72,179,178.9458232,,,
72,180,179.946557,,,
72,181,180.9491083,,,
72,182,181.9505613,,,
72,183,182.9535303,,,
72,184,183.9554464,,,
72,185,184.958863,,,
72,186,185.9608976,,,
72,187,186.9647732,,,
72,188,187.9668532,,,
72,189,188.9708432,,,
73,155,154.9742454,,,
73,156,155.9720332,,,
73,157,156.9681817,,,
73,158,157.9665422,,,
73,159,158.9630232,,,
73,160,159.9614888,,,
73,161,160.9584523,,,
73,162,161.9572946,,,
73,163,162.9543374,,,
73,164,163.9535343,,,
73,165,164.9507812,,,
73,166,165.9505123,,,
73,167,166.9480933,,,
73,168,167.9480473,,,
73,169,168.9460113,,,
73,170,169.9461753,,,
73,171,170.9444763,,,
73,172,171.9448953,,,
73,173,172.9437503,,,
73,174,173.9444543,,,
73,175,174.9437373,,,
73,176,175.9448573,,,
73,177,176.9444795,,,
73,178,177.9456786,,,
73,179,178.9459366,,,
73,180,179.9474648,,,
73,181,180.9479958,,,
73,182,181.9501519,,,
73,183,182.9513726,,,
73,184,183.9540083,,,
73,185,184.9555592,,,
73,186,185.9585516,,,
73,187,186.9603867,,,
73,188,187.9639167,,,
73,189,188.9658332,,,
73,190,189.9693921,,,
73,191,190.9715632,,,
73,192,191.9751443,,,
74,157,156.9788443,,,
74,158,157.9745654,,,
74,159,158.9726432,,,
74,160,159.9684617,,,
74,161,160.9672021,,,
74,162,161.9634992,,,
74,163,162.9625246,,,
74,164,163.9589611,,,
74,165,164.9582813,,,
74,166,165.9550311,,,
74,167,166.9548052,,,
74,168,167.9518061,,,
74,169,168.9517792,,,
74,170,169.9492321,,,
74,171,170.9494513,,,
74,172,171.9472923,,,
74,173,172.9476893,,,
74,174,173.9460793,,,
74,175,174.9467173,,,
74,176,175.9456343,,,
74,177,176.9466433,,,
74,178,177.9458832,,,
74,179,178.9470772,,,
74,180,179.9467108,,,
74,181,180.9481979,,,
74,182,181.9482039,,,
74,183,182.9502228,,,
74,184,183.9509309,,,
74,185,184.953419,,,
74,186,185.9543628,,,
74,187,186.9571588,,,
74,188,187.9584862,,,
74,189,188.9617634,,,
74,190,189.9630914,,,
74,191,190.9665315,,,
74,192,191.9681721,,,
74,193,192.9717821,,,
74,194,193.9736732,,,
75,159,158.9841854,,,
75,160,159.9818232,,,
75,161,160.9775717,,,
75,162,161.9758422,,,
75,163,162.9720802,,,
75,164,163.9704538,,,
75,165,164.9671033,,,
75,166,165.9657618,,,
75,167,166.9625954,,,
75,168,167.9615733,,,
75,169,168.9587661,,,
75,170,169.9582203,,,
75,171,170.9557163,,,
75,172,171.9554204,,,
75,173,172.9532433,,,
75,174,173.9531153,,,
75,175,174.9513813,,,
75,176,175.9516233,,,
75,177,176.9503283,,,
75,178,177.9509893,,,
75,179,178.9499893,,,
75,180,179.9507922,,,
75,181,180.9500581,,,
75,182,181.9512111,,,
75,183,182.9508197,,,
75,184,183.9525228,,,
75,185,184.9529545,,,
75,186,185.9549856,,,
75,187,186.9557501,,,
75,188,187.9581115,,,
75,189,188.9592261,,,
75,190,189.9617448,,,
75,191,190.9631221,,,
75,192,191.9660888,,,
75,193,192.9675414,,,
75,194,193.9707621,,,
75,195,194.9725432,,,
75,196,195.9758032,,,
75,197,196.9779932,,,
75,198,197.9816043,,,
76,161,160.9890343,,,
76,162,161.9844354,,,
76,163,162.9824132,,,
76,164,163.9780217,,,
76,165,164.9766022,,,
76,166,165.9726922,,,
76,167,166.9715498,,,
76,168,167.9678081,,,
76,169,168.9670183,,,
76,170,169.9635781,,,
76,171,170.9631742,,,
76,172,171.9600171,,,
76,173,172.9598082,,,
76,174,173.9570641,,,
76,175,174.9569451,,,
76,176,175.9548063,,,
76,177,176.9549662,,,
76,178,177.9532542,,,
76,179,178.9538172,,,
76,180,179.9523752,,,
76,181,180.9532473,,,
76,182,181.9521102,,,
76,183,182.9531255,,,
76,184,183.9524885,,,
76,185,184.9540417,,,
76,186,185.953835,,,
76,187,186.9557474,,,
76,188,187.9558352,,,
76,189,188.9581442,,,
76,190,189.9584437,,,
76,191,190.9609264,,,
76,192,191.961477,,,
76,193,192.9641479,,,
76,194,193.9651772,,,
76,195,194.9683187,,,
76,196,195.9696414,,,
76,197,196.9728321,,,
76,198,197.9744121,,,
76,199,198.9780121,,,
76,200,199.9798432,,,
76,201,200.9836432,,,
76,202,201.9859543,,,
77,164,163.9919134,,,
77,165,164.9875018,,,
77,166,165.9856622,,,
77,167,166.9816662,,,
77,168,167.9799078,,,
77,169,168.9762983,,,
77,170,169.974923,,,
77,171,170.9716404,,,
77,172,171.9706074,,,
77,173,172.9675061,,,
77,174,173.9668613,,,
77,175,174.9641501,,,
77,176,175.9636502,,,
77,177,176.9613012,,,
77,178,177.9610822,,,
77,179,178.9591201,,,
77,180,179.9592292,,,
77,181,180.9576253,,,
77,182,181.9580762,,,
77,183,182.9568403,,,
77,184,183.9574763,,,
77,185,184.9566983,,,
77,186,185.9579442,,,
77,187,186.9575423,,,
77,188,187.9588281,,,
77,189,188.9587151,,,
77,190,189.9605412,,,
77,191,190.9605893,,,
77,192,191.9626002,,,
77,193,192.9629216,,,
77,194,193.9650735,,,
77,195,194.9659747,,,
77,196,195.9683974,,,
77,197,196.9696552,,,
77,198,197.9722821,,,
77,199,198.9738054,,,
77,200,199.9768021,,,
77,201,200.9786421,,,
77,202,201.9819932,,,
77,203,202.9842343,,,
77,204,203.9896043,,,
78,166,165.9948654,,,
78,167,166.9926933,,,
78,168,167.9881317,,,
78,169,168.9865722,,,
78,170,169.9824962,,,
78,171,170.9812458,,,
78,172,171.9773511,,,
78,173,172.9764436,,,
78,174,173.9728201,,,
78,175,174.9724102,,,
78,176,175.9689381,,,
78,177,176.9684702,,,
78,178,177.9656501,,,
78,179,178.9653591,,,
78,180,179.9630321,,,
78,181,180.9630982,,,
78,182,181.9611721,,,
78,183,182.9615972,,,
78,184,183.9599152,,,
78,185,184.9606143,,,
78,186,185.9593512,,,
78,187,186.9606173,,,
78,188,187.959389,,,
78,189,188.9608311,,,
78,190,189.9599298,,,
78,191,190.961673,,,
78,192,191.9610387,,,
78,193,192.9629824,,,
78,194,193.9626809,,,
78,195,194.9647917,,,
78,196,195.9649521,,,
78,197,196.9673407,,,
78,198,197.9678949,,,
78,199,198.9705952,,,
78,200,199.9714432,,,
78,201,200.9745135,,,
78,202,201.9756393,,,
78,203,202.9789321,,,
78,204,203.9807621,,,
78,205,204.9860832,,,
78,206,205.9896632,,,
79,169,168.9980832,,,
79,170,169.9959722,,,
79,171,170.9918762,,,
79,172,171.9899428,,,
79,173,172.9862413,,,
79,174,173.984718,,,
79,175,174.9813044,,,
79,176,175.9802504,,,
79,177,176.9768701,,,
79,178,177.9760326,,,
79,179,178.9731741,,,
79,180,179.9725232,,,
79,181,180.9700792,,,
79,182,181.9696182,,,
79,183,182.9675911,,,
79,184,183.9674522,,,
79,185,184.9657903,,,
79,186,185.9659532,,,
79,187,186.9645432,,,
79,188,187.9653492,,,
79,189,188.9639482,,,
79,190,189.9646982,,,
79,191,190.9637024,,,
79,192,191.9648142,,,
79,193,192.9641374,,,
79,194,193.9654178,,,
79,195,194.9650352,,,
79,196,195.9665699,,,
79,197,196.9665688,,,
79,198,197.9682424,,,
79,199,198.9687653,,,
79,200,199.9707563,,,
79,201,200.9716575,,,
79,202,201.9738563,,,
79,203,202.9751544,,,
79,204,203.9778322,,,
79,205,204.9798521,,,
79,206,205.9847432,,,
79,207,206.9884032,,,
79,208,207.9934532,,,
79,209,208.9973543,,,
79,210,210.0025043,,,
80,171,171.0035333,,,
80,172,171.9988117,,,
80,173,172.9970922,,,
80,174,173.9928652,,,
80,175,174.9914418,,,
80,176,175.9873611,,,
80,177,176.9862778,,,
80,178,177.9824841,,,
80,179,178.9818313,,,
80,180,179.9782601,,,
80,181,180.9778192,,,
80,182,181.9746891,,,
80,183,182.9744449,,,
80,184,183.9717141,,,
80,185,184.9718992,,,
80,186,185.9693621,,,
80,187,186.9698142,,,
80,188,187.9675671,,,
80,189,188.9681953,,,
80,190,189.9663232,,,
80,191,190.9671572,,,
80,192,191.9656352,,,
80,193,192.9666532,,,
80,194,193.9654491,,,
80,195,194.9667213,,,
80,196,195.9658326,,,
80,197,196.9672128,,,
80,198,197.9667686,,,
80,199,198.9682806,,,
80,200,199.9683266,,,
80,201,200.9703028,,,
80,202,201.9706434,,,
80,203,202.9728728,,,
80,204,203.973494,,,
80,205,204.9760734,,,
80,206,205.9775142,,,
80,207,206.9823003,,,
80,208,207.9857593,,,
80,209,208.9907216,,,
80,210,209.9942421,,,
80,211,210.9993321,,,
80,212,212.0029632,,,
80,213,213.0082332,,,
80,214,214.0120043,,,
80,215,215.0174043,,,
80,216,216.0213243,,,
81,176,176.0006248,,,
81,177,176.9964313,,,
81,178,177.9948511,,,
81,179,178.9911114,,,
81,180,179.9900576,,,
81,181,180.9862601,,,
81,182,181.9857136,,,
81,183,182.9821931,,,
81,184,183.9818862,,,
81,185,184.9787892,,,
81,186,185.9786512,,,
81,187,186.9759064,,,
81,188,187.9760213,,,
81,189,188.9735881,,,
81,190,189.9738285,,,
81,191,190.9717843,,,
81,192,191.9722253,,,
81,193,192.9705021,,,
81,194,193.9710812,,,
81,195,194.9697741,,,
81,196,195.9704811,,,
81,197,196.9695762,,,
81,198,197.9704839,,,
81,199,198.9698773,,,
81,200,199.9709634,,,
81,201,200.9708222,,,
81,202,201.9721022,,,
81,203,202.9723446,,,
81,204,203.9738639,,,
81,205,204.9744278,,,
81,206,205.9761106,,,
81,207,206.9774198,,,
81,208,207.982019,,,
81,209,208.9853595,,,
81,210,209.9900741,,,
81,211,210.9934755,,,
81,212,211.9983422,,,
81,213,213.0019153,,,
81,214,214.0069421,,,
81,215,215.0106432,,,
81,216,216.0158032,,,
81,217,217.0196643,,,
81,218,218.0247943,,,
82,178,178.0038313,,,
82,179,179.0022018,,,
82,180,179.9979282,,,
82,181,180.9966538,,,
82,182,181.9926721,,,
82,183,182.9918723,,,
82,184,183.9881361,,,
82,185,184.9876102,,,
82,186,185.9842381,,,
82,187,186.983911,,,
82,188,187.9808751,,,
82,189,188.9808074,,,
82,190,189.9780821,,,
82,191,190.9782764,,,
82,192,191.9757751,,,
82,193,192.9761735,,,
82,194,193.9740122,,,
82,195,194.9745433,,,
82,196,195.9727742,,,
82,197,196.9734313,,,
82,198,197.9720342,,,
82,199,198.9729131,,,
82,200,199.9718191,,,
82,201,200.9728832,,,
82,202,201.972152,,,
82,203,202.9733912,,,
82,204,203.973044,,,
82,205,204.9744822,,,
82,206,205.9744657,,,
82,207,206.9758973,,,
82,208,207.9766525,,,
82,209,208.9810905,,,
82,210,209.9841889,,,
82,211,210.9887371,,,
82,212,211.9918977,,,
82,213,212.996563,,,
82,214,213.9998059,,,
82,215,215.0047411,,,
82,216,216.0080321,,,
82,217,217.0131432,,,
82,218,218.0165932,,,
82,219,219.0217743,,,
82,220,220.0254143,,,
83,184,184.0012758,,,
83,185,184.9976009,,,
83,186,185.9966447,,,
83,187,186.9931471,,,
83,188,187.9922872,,,
83,189,188.9891952,,,
83,190,189.9886222,,,
83,191,190.9857867,,,
83,192,191.9854693,,,
83,193,192.9829601,,,
83,194,193.9827855,,,
83,195,194.9806489,,,
83,196,195.9806673,,,
83,197,196.9788652,,,
83,198,197.9792063,,,
83,199,198.9776731,,,
83,200,199.9781312,,,
83,201,200.9770102,,,
83,202,201.9777342,,,
83,203,202.9768931,,,
83,204,203.9778362,,,
83,205,204.9773868,,,
83,206,205.9784994,,,
83,207,206.978471,,,
83,208,207.9797425,,,
83,209,208.9803991,,,
83,210,209.9841207,,,
83,211,210.9872698,,,
83,212,211.991286,,,
83,213,212.9943852,,,
83,214,213.9987121,,,
83,215,215.0017702,,,
83,216,216.0063061,,,
83,217,217.0093722,,,
83,218,218.0141883,,,
83,219,219.0174821,,,
83,220,220.0223532,,,
83,221,221.0258732,,,
83,222,222.0307832,,,
83,223,223.0345043,,,
83,224,224.0394743,,,
84,186,186.0043934,,,
84,187,187.0030413,,,
84,188,187.9994162,,,
84,189,188.9984732,,,
84,190,189.9951011,,,
84,191,190.9945586,,,
84,192,191.9913361,,,
84,193,192.9910264,,,
84,194,193.9881861,,,
84,195,194.9881264,,,
84,196,195.9855261,,,
84,197,196.9856605,,,
84,198,197.9833892,,,
84,199,198.9836673,,,
84,200,199.9817992,,,
84,201,200.9822599,,,
84,202,201.9807582,,,
84,203,202.9814162,,,
84,204,203.9803101,,,
84,205,204.9812032,,,
84,206,205.980474,,,
84,207,206.9815939,,,
84,208,207.9812461,,,
84,209,208.9824308,,,
84,210,209.9828741,,,
84,211,210.9866536,,,
84,212,211.9888684,,,
84,213,212.9928576,,,
84,214,213.9952017,,,
84,215,214.9994201,,,
84,216,216.0019152,,,
84,217,217.0063183,,,
84,218,218.0089735,,,
84,219,219.0136142,,,
84,220,220.0163862,,,
84,221,221.0212282,,,
84,222,222.0241404,,,
84,223,223.0290721,,,
84,224,224.0321121,,,
84,225,225.0370732,,,
84,226,226.0403143,,,
84,227,227.0453943,,,
85,191,191.0041482,,,
85,192,192.0031524,,,
85,193,192.9999272,,,
85,194,193.9992363,,,
85,195,194.9962686,,,
85,196,195.9958003,,,
85,197,196.9931896,,,
85,198,197.9927845,,,
85,199,198.9905278,,,
85,200,199.9903513,,,
85,201,200.9884172,,,
85,202,201.9886303,,,
85,203,202.9869431,,,
85,204,203.9872512,,,
85,205,204.9860762,,,
85,206,205.9866572,,,
85,207,206.9858001,,,
85,208,207.9866134,,,
85,209,208.9861703,,,
85,210,209.987148,,,
85,211,210.9874966,,,
85,212,211.9907377,,,
85,213,212.9929371,,,
85,214,213.9963721,,,
85,215,214.9986529,,,
85,216,216.0024236,,,
85,217,217.0047193,,,
85,218,218.0086951,,,
85,219,219.0111618,,,
85,220,220.0154332,,,
85,221,221.0180172,,,
85,222,222.0224942,,,
85,223,223.0251512,,,
85,224,224.0297492,,,
85,225,225.0326332,,,
85,226,226.0371632,,,
85,227,227.0402432,,,
85,228,228.0447543,,,
85,229,229.0481243,,,
86,193,193.0097083,,,
86,194,194.0061442,,,
86,195,195.0054225,,,
86,196,196.0021162,,,
86,197,197.0015854,,,
86,198,197.9986791,,,
86,199,198.9983907,,,
86,200,199.9956901,,,
86,201,200.9956285,,,
86,202,201.9932642,,,
86,203,202.9933883,,,
86,204,203.9914302,,,
86,205,204.9917195,,,
86,206,205.9902142,,,
86,207,206.9907304,,,
86,208,207.9896351,,,
86,209,208.9904152,,,
86,210,209.9896891,,,
86,211,210.9906012,,,
86,212,211.9907039,,,
86,213,212.9938832,,,
86,214,213.9953631,,,
86,215,214.998746,,,
86,216,216.000272,,,
86,217,217.003928,,,
86,218,218.0056016,,,
86,219,219.0094804,,,
86,220,220.0113941,,,
86,221,221.0155372,,,
86,222,222.0175782,,,
86,223,223.0218894,,,
86,224,224.0240961,,,
86,225,225.0284861,,,
86,226,226.0308611,,,
86,227,227.0353042,,,
86,228,228.0378352,,,
86,229,229.0422571,,,
86,230,230.0451421,,,
86,231,231.0498732,,,
87,199,199.0072595,,,
87,200,200.0065866,,,
87,201,201.0038678,,,
87,202,202.0033206,,,
87,203,203.0009408,,,
87,204,204.0006523,,,
87,205,204.998594,,,
87,206,205.9986663,,,
87,207,206.9969462,,,
87,208,207.9971381,,,
87,209,208.9959552,,,
87,210,209.9964222,,,
87,211,210.9955561,,,
87,212,211.9962258,,,
87,213,212.9961861,,,
87,214,213.9989714,,,
87,215,215.0003419,,,
87,216,216.0031899,,,
87,217,217.0046324,,,
87,218,218.0075788,,,
87,219,219.0092525,,,
87,220,220.0123277,,,
87,221,221.0142553,,,
87,222,222.0175522,,,
87,223,223.019736,,,
87,224,224.0233981,,,
87,225,225.0255731,,,
87,226,226.0295661,,,
87,227,227.0318691,,,
87,228,228.0358231,,,
87,229,229.0382982,,,
87,230,230.0424162,,,
87,231,231.0451583,,,
87,232,232.0493717,,,
87,233,233.0526432,,,
88,201,201.0127111,,,
88,202,202.0097603,,,
88,203,203.0093049,,,
88,204,204.0064922,,,
88,205,205.0062688,,,
88,206,206.0038282,,,
88,207,207.0037996,,,
88,208,208.0018412,,,
88,209,209.0019905,,,
88,210,210.0004942,,,
88,211,211.0008933,,,
88,212,211.9997871,,,
88,213,213.0003842,,,
88,214,214.0000998,,,
88,215,215.0027205,,,
88,216,216.0035335,,,
88,217,217.0063208,,,
88,218,218.0071411,,,
88,219,219.0100856,,,
88,220,220.011026,,,
88,221,221.0139178,,,
88,222,222.0153748,,,
88,223,223.0185023,,,
88,224,224.020212,,,
88,225,225.0236119,,,
88,226,226.0254103,,,
88,227,227.0291783,,,
88,228,228.0310707,,,
88,229,229.0349422,,,
88,230,230.0370551,,,
88,231,231.0410271,,,
88,232,232.0434754,,,
88,233,233.0475822,,,
88,234,234.0503423,,,
88,235,235.0549732,,,
89,206,206.0144528,,,
89,207,207.0119665,,,
89,208,208.0115506,,,
89,209,209.0094955,,,
89,210,210.0094366,,,
89,211,211.0077326,,,
89,212,212.0078136,,,
89,213,213.0066096,,,
89,214,214.0069182,,,
89,215,215.0064751,,,
89,216,216.0087431,,,
89,217,217.0093441,,,
89,218,218.0116425,,,
89,219,219.0124215,,,
89,220,220.014755,,,
89,221,221.0155925,,,
89,222,222.0178443,,,
89,223,223.0191378,,,
89,224,224.0217232,,,
89,225,225.0232301,,,
89,226,226.0260984,,,
89,227,227.0277523,,,
89,228,228.0310215,,,
89,229,229.0329561,,,
89,230,230.0363272,,,
89,231,231.0383931,,,
89,232,232.0420341,,,
89,233,233.0443461,,,
89,234,234.0481392,,,
89,235,235.0508402,,,
89,236,236.0549884,,,
89,237,237.0582743,,,
90,208,208.0179004,,,
90,209,209.0177539,,,
90,210,210.0150942,,,
90,211,211.0149298,,,
90,212,212.0129882,,,
90,213,213.0130098,,,
90,214,214.0115002,,,
90,215,215.0117249,,,
90,216,216.0110561,,,
90,217,217.0131172,,,
90,218,218.0132761,,,
90,219,219.0155375,,,
90,220,220.0157482,,,
90,221,221.0181841,,,
90,222,222.0184691,,,
90,223,223.020812,,,
90,224,224.0214641,,,
90,225,225.0239515,,,
90,226,226.0249035,,,
90,227,227.0277042,,,
90,228,228.0287413,,,
90,229,229.0317627,,,
90,230,230.0331341,,,
90,231,231.0363046,,,
90,232,232.0380558,,,
90,233,233.0415823,,,
90,234,234.0436014,,,
90,235,235.0472551,,,
90,236,236.0496572,,,
90,237,237.0536292,,,
90,238,238.056503,,,
90,239,239.0607743,,,
91,212,212.0232038,,,
91,213,213.0211098,,,
91,214,214.0209188,,,
91,215,215.0191838,,,
91,216,216.0191096,,,
91,217,217.0183256,,,
91,218,218.0200592,,,
91,219,219.0199046,,,
91,220,220.0217056,,,
91,221,221.0218756,,,
91,222,222.0237848,,,
91,223,223.0239638,,,
91,224,224.0256177,,,
91,225,225.0261318,,,
91,226,226.0279481,,,
91,227,227.0288055,,,
91,228,228.0310517,,,
91,229,229.0320972,,,
91,230,230.034541,,,
91,231,231.0358842,,,
91,232,232.0385918,,,
91,233,233.0402472,,,
91,234,234.0433073,,,
91,235,235.0453992,,,
91,236,236.0486682,,,
91,237,237.0510231,,,
91,238,238.0546372,,,
91,239,239.0572621,,,
91,240,240.0609832,,,
91,241,241.0640843,,,
92,217,217.0246611,,,
92,218,218.0235232,,,
92,219,219.0249996,,,
92,220,220.0246211,,,
92,221,221.0262811,,,
92,222,222.0260011,,,
92,223,223.0277398,,,
92,224,224.0276053,,,
92,225,225.0293911,,,
92,226,226.0293391,,,
92,227,227.0311572,,,
92,228,228.0313712,,,
92,229,229.0335064,,,
92,230,230.0339402,,,
92,231,231.0362939,,,
92,232,232.0371563,,,
92,233,233.0396355,,,
92,234,234.0409523,,,
92,235,235.0439301,,,
92,236,236.0455682,,,
92,237,237.0487304,,,
92,238,238.0507884,,,
92,239,239.0542935,,,
92,240,240.0565935,,,
92,241,241.0603332,,,
92,242,242.0629322,,,
92,243,243.0669943,,,
93,219,219.0314321,,,
93,220,220.0325421,,,
93,221,221.0320421,,,
93,222,222.0333021,,,
93,223,223.0328521,,,
93,224,224.0342221,,,
93,225,225.0339118,,,
93,226,226.035189,,,
93,227,227.0349578,,,
93,228,228.0360675,,,
93,229,229.0362649,,,
93,230,230.0378286,,,
93,231,231.0382455,,,
93,232,232.0401111,,,
93,233,233.0407416,,,
93,234,234.0428954,,,
93,235,235.0440635,,,
93,236,236.0465705,,,
93,237,237.0481736,,,
93,238,238.0509466,,,
93,239,239.0529392,,,
93,240,240.0561652,,,
93,241,241.0582538,,,
93,242,242.0616421,,,
93,243,243.0642803,,,
93,244,244.0678532,,,
93,245,245.0708043,,,
94,228,228.0387323,,,
94,229,229.0401446,,,
94,230,230.0396502,,,
94,231,231.0411023,,,
94,232,232.0411852,,,
94,233,233.0429985,,,
94,234,234.0433175,,,
94,235,235.0452862,,,
94,236,236.0460581,,,
94,237,237.0484098,,,
94,238,238.0495601,,,
94,239,239.0521636,,,
94,240,240.0538138,,,
94,241,241.0568517,,,
94,242,242.0587428,,,
94,243,243.0620036,,,
94,244,244.0642054,,,
94,245,245.0678262,,,
94,246,246.0702052,,,
94,247,247.0741921,,,
95,230,230.0460914,,,
95,231,231.0455632,,,
95,232,232.0464532,,,
95,233,233.0464411,,,
95,234,234.0477317,,,
95,235,235.0479086,,,
95,236,236.0494312,,,
95,237,237.0499966,,,
95,238,238.0519855,,,
95,239,239.0530247,,,
95,240,240.0553002,,,
95,241,241.0568293,,,
95,242,242.0595494,,,
95,243,243.0613813,,,
95,244,244.0642851,,,
95,245,245.0664548,,,
95,246,246.0697752,,,
95,247,247.0720911,,,
95,248,248.0757522,,,
95,249,249.0784832,,,
96,232,232.0498222,,,
96,233,233.0507708,,,
96,234,234.0501602,,,
96,235,235.0515422,,,
96,236,236.0513742,,,
96,237,237.0528698,,,
96,238,238.0530811,,,
96,239,239.0549106,,,
96,240,240.0555297,,,
96,241,241.0576532,,,
96,242,242.058836,,,
96,243,243.0613893,,,
96,244,244.0627528,,,
96,245,245.0654915,,,
96,246,246.0672238,,,
96,247,247.0703541,,,
96,248,248.07235,,,
96,249,249.0759549,,,
96,250,250.0783581,,,
96,251,251.0822862,,,
96,252,252.0848732,,,
97,234,234.0572715,,,
97,235,235.0565843,,,
97,236,236.0574843,,,
97,237,237.0571024,,,
97,238,238.0582027,,,
97,239,239.0582422,,,
97,240,240.0597616,,,
97,241,241.0601622,,,
97,242,242.0619822,,,
97,243,243.0630079,,,
97,244,244.0651812,,,
97,245,245.0663618,,,
97,246,246.0686736,,,
97,247,247.0703074,,,
97,248,248.0730888,,,
97,249,249.0749877,,,
97,250,250.0783167,,,
97,251,251.0807621,,,
97,252,252.0843122,,,
97,253,253.0868839,,,
97,254,254.0906032,,,
98,237,237.0621989,,,
98,238,238.0614932,,,
98,239,239.0625323,,,
98,240,240.0622562,,,
98,241,241.0636918,,,
98,242,242.0637541,,,
98,243,243.0654812,,,
98,244,244.0660008,,,
98,245,245.0680487,,,
98,246,246.0688055,,,
98,247,247.0709652,,,
98,248,248.0721852,,,
98,249,249.0748539,,,
98,250,250.0764062,,,
98,251,251.0795886,,,
98,252,252.0816273,,,
98,253,253.0851346,,,
98,254,254.0873241,,,
98,255,255.0910522,,,
98,256,256.0934434,,,
99,239,239.0682332,,,
99,240,240.0689243,,,
99,241,241.0685624,,,
99,242,242.0695728,,,
99,243,243.0695122,,,
99,244,244.070882,,,
99,245,245.0712522,,,
99,246,246.0729024,,,
99,247,247.0736222,,,
99,248,248.0754716,,,
99,249,249.0764113,,,
99,250,250.0786111,,,
99,251,251.0799937,,,
99,252,252.0829805,,,
99,253,253.0848257,,,
99,254,254.0880222,,,
99,255,255.0902751,,,
99,256,256.0936011,,,
99,257,257.0959844,,,
99,258,258.0995232,,,
100,241,241.0742132,,,
100,242,242.0734343,,,
100,243,243.0744623,,,
100,244,244.0740422,,,
100,245,245.0753521,,,
100,246,246.0753502,,,
100,247,247.0769412,,,
100,248,248.0771866,,,
100,249,249.0789276,,,
100,250,250.0795211,,,
100,251,251.0815402,,,
100,252,252.0824672,,,
100,253,253.0851846,,,
100,254,254.0868544,,,
100,255,255.0899641,,,
100,256,256.0917746,,,
100,257,257.0951062,,,
100,258,258.0970822,,,
100,259,259.100603,,,
100,260,260.1028155,,,
101,245,245.0808133,,,
101,246,246.0817128,,,
101,247,247.0815222,,,
101,248,248.0828226,,,
101,249,249.0829122,,,
101,250,250.0844132,,,
101,251,251.0847742,,,
101,252,252.0864314,,,
101,253,253.0871443,,,
101,254,254.0895911,,,
101,255,255.0910842,,,
101,256,256.0938913,,,
101,257,257.0955424,,,
101,258,258.0984316,,,
101,259,259.1005122,,,
101,260,260.1036534,,,
101,261,261.1058362,,,
101,262,262.1091045,,,
102,248,248.0865524,,,
102,249,249.087803,,,
102,250,250.0875622,,,
102,251,251.0889412,,,
102,252,252.0889671,,,
102,253,253.0905642,,,
102,254,254.0909561,,,
102,255,255.0931912,,,
102,256,256.094283,,,
102,257,257.0968879,,,
102,258,258.0982111,,,
102,259,259.1010311,,,
102,260,260.1026422,,,
102,261,261.1057022,,,
102,262,262.1074639,,,
102,263,263.1107153,,,
102,264,264.112737,,,
103,251,251.0941832,,,
103,252,252.0952626,,,
103,253,253.0950922,,,
103,254,254.0964832,,,
103,255,255.0965622,,,
103,256,256.0984949,,,
103,257,257.0994185,,,
103,258,258.1017611,,,
103,259,259.1029028,,,
103,260,260.1055013,,,
103,261,261.1068822,,,
103,262,262.1096122,,,
103,263,263.111363,,,
103,264,264.1142047,,,
103,265,265.1161965,,,
103,266,266.1198356,,,
104,253,253.1004444,,,
104,254,254.100053,,,
104,255,255.1012712,,,
104,256,256.1011522,,,
104,257,257.1029181,,,
104,258,258.1034283,,,
104,259,259.1055968,,,
104,260,260.1064422,,,
104,261,261.1087735,,,
104,262,262.1099224,,,
104,263,263.112492,,,
104,264,264.1138839,,,
104,265,265.1166839,,,
104,266,266.118175,,,
104,267,267.1217962,,,
104,268,268.1239777,,,
105,255,255.1070745,,,
105,256,256.1078926,,,
105,257,257.1075822,,,
105,258,258.1092833,,,
105,259,259.1094926,,,
105,260,260.111301,,,
105,261,261.1119212,,,
105,262,262.1140715,,,
105,263,263.1149918,,,
105,264,264.1174125,,,
105,265,265.1186124,,,
105,266,266.121033,,,
105,267,267.1224744,,,
105,268,268.1256757,,,
105,269,269.1279173,,,
105,270,270.1313664,,,
106,258,258.1129844,,,
106,259,259.1144013,,,
106,260,260.1143842,,,
106,261,261.1159492,,,
106,262,262.1163374,,,
106,263,263.118291,,,
106,264,264.118933,,,
106,265,265.1210913,,,
106,266,266.1219826,,,
106,267,267.124363,,,
106,268,268.125395,,,
106,269,269.1286339,,,
106,270,270.130436,,,
106,271,271.1339363,,,
106,272,272.1358983,,,
106,273,273.1395854,,,
107,260,260.1216626,,,
107,261,261.1214522,,,
107,262,262.1229733,,,
107,263,263.1229233,,,
107,264,264.1245919,,,
107,265,265.1249125,,,
107,266,266.1267918,,,
107,267,267.1275028,,,
107,268,268.1296941,,,
107,269,269.130424,,,
107,270,270.1333631,,,
107,271,271.1352648,,,
107,272,272.1382658,,,
107,273,273.140248,,,
107,274,274.1435565,,,
107,275,275.1456764,,,
108,263,263.1285214,,,
108,264,264.1283573,,,
108,265,265.1297933,,,
108,266,266.1300464,,,
108,267,267.131671,,,
108,268,268.131863,,,
108,269,269.1337513,,,
108,270,270.1342927,,,
108,271,271.1371732,,,
108,272,272.1385055,,,
108,273,273.141684,,,
108,274,274.1433063,,,
108,275,275.1466763,,,
108,276,276.1484686,,,
108,277,277.1519058,,,
109,265,265.1360048,,,
109,266,266.1373733,,,
109,267,267.1371954,,,
109,268,268.1386525,,,
109,269,269.138825,,,
109,270,270.1403318,,,
109,271,271.1407435,,,
109,272,272.1434152,,,
109,273,273.1444052,,,
109,274,274.1472438,,,
109,275,275.148825,,,
109,276,276.1515959,,,
109,277,277.1532782,,,
109,278,278.1563168,,,
109,279,279.1580872,,,
110,267,267.1437715,,,
110,268,268.1434832,,,
110,269,269.1447523,,,
110,270,270.1445845,,,
110,271,271.145951,,,
110,272,272.1460244,,,
110,273,273.1485614,,,
110,274,274.1494142,,,
110,275,275.1520345,,,
110,276,276.1530359,,,
110,277,277.1559141,,,
110,278,278.1570467,,,
110,279,279.1601064,,,
110,280,280.1613189,,,
110,281,281.1645159,,,
111,272,272.1532725,,,
111,273,273.1531356,,,
111,274,274.1552519,,,
111,275,275.1559456,,,
111,276,276.1583368,,,
111,277,277.1590761,,,
111,278,278.1614938,,,
111,279,279.1627251,,,
111,280,280.1651461,,,
111,281,281.1663689,,,
111,282,282.1691272,,,
111,283,283.1705479,,,
112,276,276.1614164,,,
112,277,277.1636415,,,
112,278,278.1641647,,,
112,279,279.166545,,,
112,280,280.1671563,,,
112,281,281.1697542,,,
112,282,282.170507,,,
112,283,283.1732765,,,
112,284,284.1741691,,,
112,285,285.177126,,,
113,278,278.170582,,,
113,279,279.1709575,,,
113,280,280.1729375,,,
113,281,281.1734875,,,
113,282,282.1756739,,,
113,283,283.1765752,,,
113,284,284.1787362,,,
113,285,285.1797389,,,
113,286,286.1822172,,,
113,287,287.1833981,,,
114,285,285.1836447,,,
114,286,286.1842371,,,
114,287,287.1867866,,,
114,288,288.1875791,,,
114,289,289.190426,,,
115,287,287.1907052,,,
115,288,288.1927462,,,
115,289,289.1936389,,,
115,290,290.1959873,,,
115,291,291.1970788,,,
116,289,289.1981657,,,
116,290,290.1986471,,,
116,291,291.2010866,,,
116,292,292.2017491,,,
116,293,293.204496,,,
117,291,291.2055368,,,
117,292,292.2074675,,,
117,293,293.2082489,,,
117,294,294.2104674,,,
118,293,293.2135678,,,
118,294,294.2139271,,,
118,295,295.2162469,,,
